time,rise_velocity,centroid_y,gas_area,phi_min,phi_max,divergence_linf,kinetic_energy,steps,substeps,poisson_solves,poisson_residual
0.0,0.0,0.004999999999999944,4.92450912986553e-6,2.5701663020072374e-14,1.0,0.0,0.0,0,0,0,0.0
0.00024339762668525218,0.0021041015783454593,0.005010533193177282,4.92450912986553e-6,2.6714937011293656e-14,1.000365709989486,5.7806027776996505e-6,1.2413086273432859e-8,1,30,1,0.3402322230313348
0.00048679525337050436,0.004204729087861487,0.005011293856248606,4.92450912986553e-6,2.6606766542282097e-14,1.0003657286734318,5.9335476638722184e-6,4.952376662316176e-8,2,60,2,0.35648823399215607
0.0007301928800557565,0.006302185930897543,0.005012565820249787,4.92450912986553e-6,2.6043491386351354e-14,1.0003654572198657,5.921021933863457e-6,1.111875219979171e-7,3,90,3,0.361491024643001
0.0009735905067410087,0.00839655019840393,0.0050143487648176294,4.92450912986553e-6,2.5405067177923716e-14,1.0003650524095173,5.325289223305496e-6,1.9726039922247188e-7,4,120,4,0.3563889576380962
0.001216988133426261,0.01048771855239057,0.005016642261097366,4.92450912986553e-6,2.486389324295315e-14,1.0003645294089798,6.70901191313078e-6,3.076038432241442e-7,5,150,5,0.35365010639878497
0.001460385760111513,0.01257556976598405,0.005019445842978807,4.92450912986553e-6,2.4659952334949023e-14,1.0003639026834201,6.358238035630848e-6,4.420840252347571e-7,6,180,6,0.3542488895000781
0.0017037833867967651,0.014659820405082246,0.005022758987964209,4.92450912986553e-6,2.5128543132795633e-14,1.0003631861309272,6.272348002100969e-6,6.005623319180549e-7,7,210,7,0.36602208952097276
0.0019471810134820172,0.01674001991235972,0.0050265804778876705,4.92450912986553e-6,2.673894701206434e-14,1.0003623889313698,6.6024939435749275e-6,7.828896071852999e-7,8,240,8,0.36715860537947037
0.0021905786401672693,0.01881557930650442,0.005030909230840828,4.92450912986553e-6,2.971818411174718e-14,1.0003615177517762,6.8211943062834735e-6,9.889044949536521e-7,9,270,9,0.3653209528106384
0.0024339762668525214,0.02088580443672636,0.005035744673134668,4.92450912986553e-6,2.7184128184892833e-14,1.000360580798935,7.640746008341637e-6,1.2184346916477854e-6,10,300,10,0.3692917741762836
0.0026773738935377735,0.02294993630409748,0.005041085971033294,4.92450912986553e-6,2.6755171593284868e-14,1.0003595858125751,6.625951465721869e-6,1.4712990129199909e-6,11,330,11,0.3717693219971474
0.0029207715202230256,0.025007209222011825,0.005046932041182381,4.92450912986553e-6,2.927750919219145e-14,1.0003585398797747,6.026193799524293e-6,1.7473127555094924e-6,12,360,12,0.3689415641555937
0.0031641691469082777,0.027056891147066973,0.005053281532472202,4.92450912986553e-6,2.942984019751968e-14,1.0003574486218125,7.678197905036654e-6,2.046293152808786e-6,13,390,13,0.36553728874856023
0.00340756677359353,0.029098217348805716,0.005060132863422651,4.92450912986553e-6,2.8306159072499585e-14,1.0003563170145962,6.63406885337281e-6,2.368051410073317e-6,14,420,14,0.35702398465409685
0.003650964400278782,0.031130367986978123,0.005067484136052621,4.92450912986553e-6,3.243953502828542e-14,1.000355150003255,7.04864014977602e-6,2.7123881434784825e-6,15,450,15,0.3679957946975705
0.003894362026964034,0.03315243693785325,0.005075333368019194,4.92450912986553e-6,2.9793109185741825e-14,1.000353951883142,5.610930653432433e-6,3.079084862547828e-6,16,480,16,0.366007599925958
0.004137759653649286,0.03516364939123323,0.005083678235448961,4.92450912986553e-6,3.207957739661031e-14,1.0003527263019552,6.070578372430191e-6,3.467942016162202e-6,17,510,17,0.37263596007191574
0.004381157280334539,0.037162982610063386,0.00509251602385921,4.92450912986553e-6,3.1649017673670593e-14,1.0003514755453506,6.499955794936341e-6,3.878705535518291e-6,18,540,18,0.3769842701988546
0.004624554907019791,0.03914931832553038,0.0051018437325020885,4.92450912986553e-6,3.3588082115828153e-14,1.00035020189524,6.225060772635516e-6,4.31108424739375e-6,19,570,19,0.3620063254543818
0.004867952533705044,0.04112150479911874,0.0051116580551146245,4.92450912986553e-6,3.3021203404518525e-14,1.0003489076751422,6.783128714715758e-6,4.7647524382683275e-6,20,600,20,0.3761195333205693
0.005111350160390296,0.04307838618206654,0.00512195542401441,4.92450912986553e-6,3.7265789867822035e-14,1.0003475948211953,6.825217614192525e-6,5.23934655570918e-6,21,630,21,0.37566232507442887
0.005354747787075549,0.04501876645303983,0.005132731894274863,4.92450912986553e-6,3.4521923652767e-14,1.000346264551431,5.8775301070568275e-6,5.734453646063038e-6,22,660,22,0.37442223448004935
0.005598145413760801,0.04694159024671824,0.005143983063493997,4.92450912986553e-6,3.942538261913344e-14,1.0003449188431952,6.09233907766793e-6,6.24964973771607e-6,23,690,23,0.37812649544841864
0.005841543040446054,0.04884578055103945,0.005155704263949774,4.92450912986553e-6,3.892188888996447e-14,1.0003435593502175,8.963940567596751e-6,6.784458633101658e-6,24,720,24,0.3818444858267055
0.006084940667131306,0.050730450018005725,0.005167890711621696,4.92450912986553e-6,3.900434820458556e-14,1.0003421861908843,8.778117145169517e-6,7.338405290323034e-6,25,750,25,0.3773100140021951
0.006328338293816559,0.05259459483933688,0.005180537442517531,4.92450912986553e-6,4.553451094866306e-14,1.0003408007795578,1.0870725192013708e-5,7.910934631298198e-6,26,780,26,0.37945530654543996
0.0065717359205018115,0.054437270953878056,0.005193639087194174,4.92450912986553e-6,4.6263585748948136e-14,1.00033940512319,5.878666442526992e-6,8.501456205854949e-6,27,810,27,0.3618761786551903
0.006815133547187064,0.056257723399027196,0.00520719019019978,4.92450912986553e-6,4.5908686661430845e-14,1.0003379997154718,7.251841083188992e-6,9.109387416569418e-6,28,840,28,0.3753050428949758
0.0070585311738723166,0.05805541962612322,0.005221185156795332,4.92450912986553e-6,5.19316286512407e-14,1.0003365851557777,5.434632562639763e-6,9.73417456582033e-6,29,870,29,0.37075148658554885
0.007301928800557569,0.059829850819286975,0.005235618120620975,4.92450912986553e-6,6.437526037112368e-14,1.0003351633718658,6.950115590598216e-6,1.0375236024428746e-5,30,900,30,0.38443121376464595
0.007545326427242822,0.061580616008944336,0.00525048319725455,4.92450912986553e-6,6.135269004050907e-14,1.0003337343645895,8.18192499707493e-6,1.1031984360523497e-5,31,930,31,0.38259432741603444
0.007788724053928074,0.06330756602976823,0.0052657745988017625,4.92450912986553e-6,6.670209097323537e-14,1.0003322992747459,7.07159883006625e-6,1.170388913598285e-5,32,960,32,0.37174935721914937
0.008032121680613326,0.06501053519210234,0.005281486346261507,4.92450912986553e-6,8.517670003982797e-14,1.000330859127987,6.893086990089614e-6,1.2390385786497439e-5,33,990,33,0.36450131382526846
0.008275519307298577,0.0666894718309879,0.0052976122499925615,4.92450912986553e-6,9.873892679992661e-14,1.0003294141911165,6.9108068814216495e-6,1.309092485292159e-5,34,1020,34,0.3847450990343408
0.00851891693398383,0.06834455134369717,0.0053141464144912266,4.92450912986553e-6,1.1071073727769063e-13,1.0003279658065933,6.615476564775236e-6,1.3805026166868345e-5,35,1050,35,0.3680603022536821
0.00876231456066908,0.0699759291361613,0.005331083289825952,4.92450912986553e-6,1.6299229022192288e-13,1.0003265141173132,6.50178510142041e-6,1.4532177103421676e-5,36,1080,36,0.37996399063529473
0.009005712187354332,0.07158383876377905,0.00534841715690677,4.92450912986553e-6,1.822280708695939e-13,1.0003250600876954,8.19693344311645e-6,1.52718827692179e-5,37,1110,37,0.38665281171206695
0.009249109814039584,0.07316875688151052,0.005366142138303125,4.92450912986553e-6,2.482690690711881e-13,1.0003236040598618,6.7283842497545265e-6,1.6023747705414167e-5,38,1140,38,0.38598257045887063
0.009492507440724836,0.07473125953286114,0.005384252533885768,4.924509129865531e-6,3.4048265429469796e-13,1.0003221466951262,6.101822336290752e-6,1.67874275663216e-5,39,1170,39,0.3842594423143685
0.009735905067410087,0.07627206502498929,0.005402742877100623,4.92450912986553e-6,4.093564451241612e-13,1.0003206885609512,6.677732322657448e-6,1.7562662821563778e-5,40,1200,40,0.37818515510251344
0.00997930269409534,0.07779192080109339,0.005421607979185335,4.92450912986553e-6,6.532989338833065e-13,1.000319230023403,5.806736055546935e-6,1.8349215760044732e-5,41,1230,41,0.34511007330468546
0.01022270032078059,0.07929149180891405,0.0054408427958181895,4.92450912986553e-6,6.708943346125823e-13,1.0003177718049456,8.553504393660205e-6,1.9146841574109767e-5,42,1260,42,0.3838415055581132
0.010466097947465842,0.08077159746990327,0.005460442132645255,4.92450912986553e-6,9.708372288264306e-13,1.0003163139693065,6.865614274431664e-6,1.9955417511730342e-5,43,1290,43,0.3885044756449586
0.010709495574151094,0.08223300295395564,0.005480401214681162,4.92450912986553e-6,1.1022087705644042e-12,1.0003148572688711,6.871208753977953e-6,2.0774818659987136e-5,44,1320,44,0.3818117099899599
0.010952893200836346,0.08367648223872184,0.005500716007895555,4.92450912986553e-6,1.4666276688038831e-12,1.0003134016833166,7.5611740868453126e-6,2.160491150098812e-5,45,1350,45,0.3814225114718481
0.011196290827521597,0.08510273736318413,0.005521382595116709,4.924509129865531e-6,1.9886061012495978e-12,1.0003119477992954,6.814927743903354e-6,2.2445605379648266e-5,46,1380,46,0.38190844587621964
0.01143968845420685,0.08651222178304992,0.00554239667926743,4.92450912986553e-6,2.2121114919373114e-12,1.0003104958648357,6.6923564467913366e-6,2.3296698734655e-5,47,1410,47,0.38954361638388846
0.0116830860808921,0.08790557281409354,0.005563754155627451,4.92450912986553e-6,3.0292825244338834e-12,1.0003090460423023,6.186012058151391e-6,2.4158064390690183e-5,48,1440,48,0.39049228724790785
0.011926483707577352,0.08928315303698349,0.005585450821844766,4.92450912986553e-6,3.1361612559040616e-12,1.0003075990995025,6.678667752169076e-6,2.5029386405575323e-5,49,1470,49,0.3887170204693564
0.012169881334262604,0.09064592888161721,0.005607483380459272,4.92450912986553e-6,4.152505484472019e-12,1.0003061544467462,6.861886433284781e-6,2.5910717042241654e-5,50,1500,50,0.3843869716295061
0.012413278960947856,0.09199443792332068,0.005629847881685474,4.924509129865528e-6,5.370386508200542e-12,1.0003047959904225,8.227553834672108e-6,2.6802013911606942e-5,51,1530,51,0.37223931664179916
0.012656676587633107,0.09332945432458561,0.005652540795762891,4.92450912986553e-6,5.825741896048757e-12,1.0003034583414867,6.544518527107357e-6,2.770338965391912e-5,52,1560,52,0.3943382121055414
0.01290007421431836,0.09465186466106551,0.005675559155518929,4.92450912986553e-6,7.347828365147284e-12,1.0003021255667477,6.840973917121573e-6,2.861500897919473e-5,53,1590,53,0.37889372000870275
0.01314347184100361,0.09596231977310295,0.005698899707353413,4.92450912986553e-6,7.862370489004801e-12,1.0003007985844241,7.484066877339046e-6,2.9536876031368204e-5,54,1620,54,0.3891188547483505
0.013386869467688862,0.097261690211299,0.005722559853248866,4.92450912986553e-6,9.688169284885241e-12,1.0002994769218538,6.096701945068617e-6,3.0469218956826546e-5,55,1650,55,0.3843369723242067
0.013630267094374114,0.09855004699525959,0.0057465369032480024,4.92450912986553e-6,1.2332727665012463e-11,1.0002981607654422,7.2377208226726e-6,3.1411825549462485e-5,56,1680,56,0.387730256469325
0.013873664721059366,0.09982761784318511,0.005770828361299233,4.92450912986553e-6,1.2225722675982983e-11,1.0002968507865824,6.820598315471216e-6,3.236460452539988e-5,57,1710,57,0.37769914154855094
0.014117062347744617,0.10109469786276162,0.00579543199341539,4.924509129865528e-6,1.5116846967816316e-11,1.0002955463267054,9.349818164139378e-6,3.332758763068118e-5,58,1740,58,0.38804314940822926
0.01436045997442987,0.10235156562156356,0.005820345055332399,4.92450912986553e-6,1.8693805804398354e-11,1.0002942475043604,8.510988479315529e-6,3.430084601791974e-5,59,1770,59,0.3921471639693712
0.01460385760111512,0.10359852334186191,0.005845564730756478,4.924509129865531e-6,1.9376768393157537e-11,1.000292954920329,6.797652218892836e-6,3.528450788845121e-5,60,1800,60,0.3802330309677575
0.014847255227800372,0.1048355605237448,0.005871089441196872,4.92450912986553e-6,2.4127767820298365e-11,1.0002916680461906,8.013022068098508e-6,3.62784608655969e-5,61,1830,61,0.39277395818948524
0.015090652854485624,0.1060620499101013,0.005896916527635749,4.92450912986553e-6,2.355648668385351e-11,1.0002903867828428,6.8179141123891895e-6,3.728222084282614e-5,62,1860,62,0.38174033588209494
0.015334050481170876,0.10727743814904324,0.005923042305910123,4.92450912986553e-6,2.93773112107159e-11,1.0002891116649644,5.958975179964909e-6,3.829539898619587e-5,63,1890,63,0.38693201188741705
0.015577448107856127,0.10848191458139735,0.005949464904851917,4.924509129865531e-6,3.014198173705307e-11,1.0002878426974702,6.3215080743361796e-6,3.931810012548135e-5,64,1920,64,0.37365046390961976
0.01582084573454138,0.1096750529460331,0.0059761816130368675,4.92450912986553e-6,3.1118745316372335e-11,1.000286579565937,6.7618699119975645e-6,4.034999074335288e-5,65,1950,65,0.38882845552948886
0.01606424336122663,0.11085603782513967,0.006003189432081918,4.92450912986553e-6,3.713125118192312e-11,1.0002853224878667,6.389515050386763e-6,4.13905028415536e-5,66,1980,66,0.39041926073005084
0.016307640987911882,0.11202454395662041,0.006030485598371898,4.92450912986553e-6,4.7532313226909465e-11,1.000284071894981,8.08864415091648e-6,4.243941220102394e-5,67,2010,67,0.40083740314073607
0.016551038614597134,0.11318020301287275,0.006058067092412735,4.92450912986553e-6,5.120213498837939e-11,1.0002828277419116,6.76421745282596e-6,4.349653701738444e-5,68,2040,68,0.3935724744666759
0.016794436241282386,0.11432208827276659,0.006085930328897286,4.92450912986553e-6,5.7148110860181066e-11,1.0002815899227944,5.842890971052839e-6,4.456133898269511e-5,69,2070,69,0.3928888961091088
0.017037833867967637,0.11544924110862514,0.006114071510572189,4.92450912986553e-6,6.717837260652948e-11,1.0002803584596736,7.679738978083606e-6,4.563318745194394e-5,70,2100,70,0.3774804152408476
0.01728123149465289,0.1165606658071193,0.006142486478486745,4.924509129865531e-6,8.784529604844892e-11,1.0002791334187213,6.236879102061721e-6,4.67113638352489e-5,71,2130,71,0.39725822466748223
0.01752462912133814,0.11765578933437838,0.006171171796885758,4.924509129865531e-6,1.1466230676843808e-10,1.0002779148667378,6.1714570875892605e-6,4.779538005591849e-5,72,2160,72,0.38398918404282445
0.017768026748023392,0.11873387940556783,0.0062001236159858995,4.92450912986553e-6,1.4343546630348117e-10,1.0002767027125647,6.999425750109367e-6,4.8884643063156485e-5,73,2190,73,0.3947628281944408
0.018011424374708644,0.1197943953764853,0.006229337936472397,4.92450912986553e-6,1.638451439231284e-10,1.0002754971221832,9.66974891269956e-6,4.9978659974087446e-5,74,2220,74,0.4024074903092696
0.018254822001393896,0.1208368998459455,0.006258810612268977,4.92450912986553e-6,1.6078531476340958e-10,1.0002742980514632,6.711805866643772e-6,5.1077005488196166e-5,75,2250,75,0.3923690226131571
0.018498219628079147,0.1218610814668018,0.006288537183013515,4.924509129865531e-6,1.497324701830667e-10,1.0002731056617529,6.962139678989843e-6,5.217928882385286e-5,76,2280,76,0.3935285140488019
0.0187416172547644,0.1228663338732727,0.006318512360575931,4.92450912986553e-6,1.3580901325484841e-10,1.0002719198781438,9.000211349530218e-6,5.328479638559649e-5,77,2310,77,0.4000637092614575
0.01898501488144965,0.12385237716703229,0.006348732049787472,4.92450912986553e-6,1.2482477300898602e-10,1.000270740645061,6.590264831629611e-6,5.439308681254458e-5,78,2340,78,0.3777580513662317
0.019228412508134902,0.12481904160952256,0.006379191812458513,4.924509129865531e-6,1.1999193087794906e-10,1.0002695680428815,5.998977144372475e-6,5.55037770142714e-5,79,2370,79,0.37872008064391177
0.019471810134820154,0.12576603142455592,0.006409886592805673,4.924509129865528e-6,1.26987442364635e-10,1.0002749456756304,6.66012508077074e-6,5.661641470212965e-5,80,2400,80,0.383716059642043
0.019715207761505406,0.12669289111199913,0.006440811252882564,4.92450912986553e-6,1.5283271456967436e-10,1.0002863730794727,7.07445487790892e-6,5.7730355365175096e-5,81,2430,81,0.3894923915708145
0.019958605388190657,0.12759973544227937,0.006471961546803802,4.924509129865531e-6,1.8672483561670017e-10,1.0002986672703675,7.447110661473744e-6,5.88454373312916e-5,82,2460,82,0.3841296067669186
0.02020200301487591,0.12848637691194725,0.006503332503629374,4.92450912986553e-6,2.1012908971923327e-10,1.0003109001445647,5.855744504401628e-6,5.9961107658748416e-5,83,2490,83,0.3668895875951088
0.02044540064156116,0.12935285665199808,0.0065349187250811624,4.924509129865531e-6,2.661131366550718e-10,1.0003227502722705,7.893726206020801e-6,6.107702739748754e-5,84,2520,84,0.4069243583396637
0.020688798268246412,0.13019911350599556,0.006566715019028407,4.92450912986553e-6,3.4349375293727635e-10,1.0003350500566093,8.197016938993329e-6,6.219275800589068e-5,85,2550,85,0.40125508279634914
0.020932195894931664,0.13102531849939322,0.006598716736896581,4.92450912986553e-6,3.5625098747586746e-10,1.0003465254321662,7.708420035612562e-6,6.330805645765356e-5,86,2580,86,0.408050609099106
0.021175593521616916,0.13183139089735235,0.00663091869744857,4.92450912986553e-6,3.8659584610923347e-10,1.0003579956243902,7.678612213624092e-6,6.44224198033657e-5,87,2610,87,0.40172654195316915
0.021418991148302167,0.1326175306710959,0.006663316211923568,4.92450912986553e-6,4.283543593276271e-10,1.0003683484181098,8.001768880383509e-6,6.553552829363382e-5,88,2640,88,0.4112541917933721
0.02166238877498742,0.13338423227434779,0.006695905406068181,4.92450912986553e-6,4.5301728125529294e-10,1.0003791217420606,6.591885480133897e-6,6.664739077511683e-5,89,2670,89,0.4016725020615916
0.02190578640167267,0.13413149929099447,0.006728680598136962,4.92450912986553e-6,4.859206279923818e-10,1.0003888296000185,8.711763754831736e-6,6.775736168784448e-5,90,2700,90,0.40723874742774324
0.022149184028357922,0.13486007993296517,0.006761637307291559,4.924509129865531e-6,5.186260133307325e-10,1.0003978659538182,6.936048450256749e-6,6.886558929685624e-5,91,2730,91,0.40148268107805885
0.022392581655043174,0.13557052879235612,0.006794771342401705,4.92450912986553e-6,5.314914506132258e-10,1.0004071828673,7.468119292752817e-6,6.997197434179045e-5,92,2760,92,0.392210709834676
0.022635979281728426,0.13626333238207755,0.006828077379107268,4.92450912986553e-6,4.91047761257191e-10,1.0004156421398092,6.94419597380147e-6,7.107628554672012e-5,93,2790,93,0.4056359929020279
0.022879376908413677,0.13693909098630175,0.006861551658550282,4.924509129865528e-6,4.4421189459455166e-10,1.000423331470558,7.25446085425574e-6,7.217846001917289e-5,94,2820,94,0.40881070393866464
0.02312277453509893,0.13759849949410008,0.006895190593125769,4.92450912986553e-6,3.8923820300568777e-10,1.0004311686412166,7.390854506184041e-6,7.327851628568524e-5,95,2850,95,0.40452874674488104
0.02336617216178418,0.138242250252338,0.006928989576302082,4.92450912986553e-6,3.3440626247280833e-10,1.0004388722508744,7.284335964641286e-6,7.437652887008768e-5,96,2880,96,0.41576697264867957
0.023609569788469432,0.13887102978912183,0.006962945206855436,4.924509129865532e-6,3.0551984818689527e-10,1.0004459423728325,8.068247936421358e-6,7.547273443095961e-5,97,2910,97,0.4163684014098268
0.023852967415154684,0.13948502915418282,0.006997053426348578,4.92450912986553e-6,3.306797129385752e-10,1.0004524322450303,7.367953429593399e-6,7.656676932967348e-5,98,2940,98,0.38231706410240235
0.024096365041839936,0.14008487259702795,0.007031310807642576,4.924509129865528e-6,3.999341032572405e-10,1.0004586987751152,7.687464531613841e-6,7.765878251865936e-5,99,2970,99,0.40588787806674315
0.024339762668525187,0.1406711118934536,0.007065714103042884,4.92450912986553e-6,4.3674525644456705e-10,1.0004654221419844,7.2795188543750555e-6,7.8748899804665e-5,100,3000,100,0.42165815683039537
0.02458316029521044,0.14124404849619804,0.0071002602406047164,4.92450912986553e-6,4.996864256650857e-10,1.0004716343684106,1.0041341624855704e-5,7.983689947926258e-5,101,3030,101,0.4174992938626492
0.02482655792189569,0.1418044737841162,0.007134945452182939,4.92450912986553e-6,5.432916918040921e-10,1.0004773903191062,6.617656552521112e-6,8.092294371231761e-5,102,3060,102,0.39733862940731546
0.025069955548580942,0.1423531094123088,0.007169767384084198,4.92450912986553e-6,5.835165359704566e-10,1.0004827530156928,7.72475927846017e-6,8.200728025384944e-5,103,3090,103,0.4170788463493729
0.025313353175266194,0.14289065708346219,0.00720472324137596,4.92450912986553e-6,6.206417095823578e-10,1.0004877891424575,7.964650805547535e-6,8.308999693842345e-5,104,3120,104,0.4221455871348257
0.025556750801951446,0.14341798242816436,0.007239809917747062,4.92450912986553e-6,6.406078130736401e-10,1.0004937025989542,8.429487152739057e-6,8.417134796200564e-5,105,3150,105,0.4192967361380435
0.025800148428636697,0.1439358528805861,0.007275025134807372,4.92450912986553e-6,6.405401584488286e-10,1.0004992975267049,7.034769922142914e-6,8.525158807226906e-5,106,3180,106,0.42634190207856104
0.02604354605532195,0.1444451461561007,0.007310366840154445,4.92450912986553e-6,6.42470520170815e-10,1.000504596553787,8.10999800648915e-6,8.633117456490661e-5,107,3210,107,0.4241827901168099
0.0262869436820072,0.14494654343809957,0.007345833147886809,4.92450912986553e-6,6.194091613974798e-10,1.000509620563148,6.490049386798091e-6,8.74104214970396e-5,108,3240,108,0.4195474141843053
0.026530341308692452,0.14544047476458977,0.007381421836481008,4.92450912986553e-6,5.81649491837284e-10,1.000514381837081,7.643756561037662e-6,8.8489379483146e-5,109,3270,109,0.4197574280367027
0.026773738935377704,0.14592757165610443,0.007417131334391663,4.92450912986553e-6,5.385680259336321e-10,1.0005188899898165,6.7747784271432465e-6,8.956841716112366e-5,110,3300,110,0.42502333280148463
0.027017136562062956,0.14640833395522343,0.007452960036499318,4.92450912986553e-6,4.954134608206497e-10,1.0005241556807392,7.446111283115897e-6,9.064770911413635e-5,111,3330,111,0.42141403334955874
0.027260534188748207,0.14688324949174816,0.007488906345470673,4.924509129865531e-6,4.535010395024052e-10,1.0005292187326187,6.070112590350618e-6,9.172737638008423e-5,112,3360,112,0.4142899747279558
0.02750393181543346,0.1473530134805401,0.007524968855397497,4.92450912986553e-6,4.1838555355338455e-10,1.0005340061827763,6.255255428300188e-6,9.280781365586991e-5,113,3390,113,0.42449995963122894
0.02774732944211871,0.14781819375464403,0.007561146479804088,4.92450912986553e-6,3.758097774969697e-10,1.000538537968285,6.804080953770608e-6,9.388929089875915e-5,114,3420,114,0.40442671410587777
0.027990727068803962,0.14827938169607668,0.00759743849269086,4.92450912986553e-6,3.8564364063655013e-10,1.0005428243563035,7.2683862555322776e-6,9.4972139038481e-5,115,3450,115,0.4332313295437607
0.028234124695489214,0.14873713842701056,0.007633843811515916,4.92450912986553e-6,4.3020703394202507e-10,1.0005468720613715,7.181623118412972e-6,9.605668907791867e-5,116,3480,116,0.4217858530459225
0.028477522322174466,0.14919196428768258,0.007670361727198296,4.924509129865531e-6,4.860602476773764e-10,1.000550691011016,8.797994510700846e-6,9.714328162074418e-5,117,3510,117,0.43506187823820197
0.028720919948859717,0.1496442396346909,0.007706991441742926,4.92450912986553e-6,5.355668386515387e-10,1.000554800779337,8.028446352170704e-6,9.823217237771543e-5,118,3540,118,0.4269986931122063
0.02896431757554497,0.15009425839203044,0.007743732116398439,4.924509129865531e-6,5.791140729386902e-10,1.0005590914199212,7.392342027401355e-6,9.932359888068858e-5,119,3570,119,0.42602715274645503
0.02920771520223022,0.15054217412628784,0.007780583177690584,4.92450912986553e-6,5.904390400665248e-10,1.0005631511552096,6.698999314380671e-6,0.00010041768737888246,120,3600,120,0.42730213132504
0.029451112828915472,0.1509880888023025,0.007817544198972131,4.92450912986553e-6,6.026023176041011e-10,1.0005670028759877,7.483635087623952e-6,0.00010151452379570815,121,3630,121,0.4226410596328746
0.029694510455600724,0.15143205366374077,0.007854614751136276,4.92450912986553e-6,6.126265447278896e-10,1.0005706633898193,8.082580293944375e-6,0.00010261416063990645,122,3660,122,0.4261696890351863
0.029937908082285976,0.1518740630353563,0.007891794389112703,4.924509129865528e-6,6.191786444612523e-10,1.0005741418599492,7.744838548262578e-6,0.00010371660845388428,123,3690,123,0.44025159882491294
0.030181305708971227,0.15231402223381457,0.00792908278333183,4.92450912986553e-6,6.224141732248709e-10,1.0005774446920281,8.148322649503825e-6,0.00010482180096253243,124,3720,124,0.43260292002328476
0.03042470333565648,0.15275170453207965,0.007966479332895744,4.92450912986553e-6,6.238819286706993e-10,1.0005805764062476,7.540019097973527e-6,0.00010592956981460542,125,3750,125,0.4361239288773117
0.03066810096234173,0.15318682196390285,0.008003983610762959,4.92450912986553e-6,6.022953513509876e-10,1.0005835415471969,8.782863147871467e-6,0.0001070397215986535,126,3780,126,0.42134220780946563
0.030911498589026982,0.1536190266001503,0.008041594809088002,4.924509129865528e-6,5.63187202518507e-10,1.0005863426575041,7.493353848531115e-6,0.00010815201003733555,127,3810,127,0.44344377304713867
0.031154896215712234,0.1540479920129782,0.008079312111137629,4.92450912986553e-6,5.218247750770624e-10,1.000589580542448,8.736920076302113e-6,0.0001092662145844406,128,3840,128,0.4419123601223997
0.031398293842397486,0.15447342063407846,0.00811713489854164,4.92450912986553e-6,4.813173745329087e-10,1.0005927039523923,7.467605421140888e-6,0.00011038211475077212,129,3870,129,0.43585420806768904
0.03164169146908274,0.15489502429384233,0.008155062135874571,4.92450912986553e-6,4.672455712498689e-10,1.0005956389804282,8.650630348938648e-6,0.00011149950111137855,130,3900,130,0.4416699381070802
0.03188508909576799,0.15531253943046974,0.008193092814969391,4.92450912986553e-6,4.862424316243338e-10,1.0005983955586957,9.311411908186074e-6,0.00011261818598646571,131,3930,131,0.4419613215847107
0.03212848672245324,0.15572570483005613,0.008231225843078293,4.92450912986553e-6,5.298504025415329e-10,1.0006009836977272,8.36752889199488e-6,0.00011373798325939964,132,3960,132,0.44003003513836797
0.03237188434913849,0.15613429557967334,0.008269460119879255,4.92450912986553e-6,5.952276807399376e-10,1.000603411476643,7.788013078879885e-6,0.00011485868524651459,133,3990,133,0.42503310611290757
0.032615281975823744,0.15653812296318112,0.008307794472680236,4.92450912986553e-6,6.78702746165109e-10,1.0006056862874224,8.107242166488504e-6,0.00011598008445180431,134,4020,134,0.4337051854312854
0.032858679602508996,0.15693692948310062,0.008346227729699965,4.92450912986553e-6,7.43846333121869e-10,1.0006078188002927,6.965576204720492e-6,0.00011710195189287697,135,4050,135,0.4209863087522794
0.03310207722919425,0.1573304443849194,0.008384758641449143,4.92450912986553e-6,7.69204046839176e-10,1.0006098221574706,8.030645119561086e-6,0.00011822401150334488,136,4080,136,0.44213312138672495
0.0333454748558795,0.15771836140889275,0.00842338572634839,4.924509129865528e-6,7.913923273048476e-10,1.0006117089116922,7.722297423740088e-6,0.00011934596248251193,137,4110,137,0.4394801776361893
0.03358887248256475,0.15810040048203075,0.008462107675836735,4.92450912986553e-6,8.083064012000374e-10,1.000613488902119,7.452740646840539e-6,0.00012046750460548299,138,4140,138,0.4478301219125748
0.03383227010925,0.15847626902935955,0.008500923137750735,4.92450912986553e-6,8.200546845027455e-10,1.0006151696809704,7.708527860472714e-6,0.00012158832763210428,139,4170,139,0.4495386419573739
0.034075667735935254,0.1588456746837827,0.008539830582648933,4.92450912986553e-6,8.287197962069399e-10,1.0006167523129663,7.643426513936902e-6,0.00012270815370743254,140,4200,140,0.4196580242840086
0.034319065362620506,0.15920829999151612,0.008578828427878216,4.92450912986553e-6,7.840752390283038e-10,1.0006182334497724,7.552542768962667e-6,0.0001238266798891784,141,4230,141,0.44824585344903883
0.03456246298930576,0.15956382963051058,0.008617915013089745,4.924509129865528e-6,7.390851144531093e-10,1.00061961492885,7.808921509422362e-6,0.0001249435984731157,142,4260,142,0.4502714701136558
0.03480586061599101,0.15991198495071665,0.008657088598096767,4.92450912986553e-6,6.99984469933236e-10,1.0006209030541724,7.093619203146773e-6,0.0001260586207950663,143,4290,143,0.4560331003976993
0.03504925824267626,0.1602525253351616,0.008696347281848791,4.92450912986553e-6,6.671369856965059e-10,1.0006221023653856,6.682834907678625e-6,0.00012717147339707746,144,4320,144,0.4503899584621998
0.03529265586936151,0.16058527210895848,0.00873568913127538,4.92450912986553e-6,6.055561246272526e-10,1.000623369295194,8.434831158865563e-6,0.00012828189438377302,145,4350,145,0.44497972560726656
0.035536053496046764,0.16091011161120827,0.00877511235396422,4.92450912986553e-6,6.337944295767559e-10,1.0006246669933005,6.930994089771048e-6,0.00012938961100996484,146,4380,146,0.44852697287416865
0.035779451122732016,0.16122700907656012,0.008814614981963714,4.92450912986553e-6,6.906528306099258e-10,1.0006258772596501,8.269803316807156e-6,0.00013049442828772236,147,4410,147,0.4589337799372642
0.03602284874941727,0.16153587894173915,0.008854194795872659,4.92450912986553e-6,7.402088287596717e-10,1.000627009248372,7.06070260036995e-6,0.0001315961263977025,148,4440,148,0.4506702784169883
0.03626624637610252,0.16183658966372583,0.008893849805022716,4.92450912986553e-6,8.053840112752567e-10,1.0006280697450674,7.689006764621809e-6,0.00013269448268824765,149,4470,149,0.4611249712974131
0.03650964400278777,0.16212906410525713,0.008933577918515224,4.92450912986553e-6,8.766124858535604e-10,1.0006290632197636,7.546189493723432e-6,0.00013378925609842948,150,4500,150,0.4438175043039002
0.03675304162947302,0.1624133137336014,0.008973377382765019,4.924509129865528e-6,9.408863763220192e-10,1.0006299943576298,8.996340909561695e-6,0.00013488031264316373,151,4530,151,0.4561042802068748
0.036996439256158274,0.16268938298200825,0.009013246140909236,4.92450912986553e-6,9.86211126910494e-10,1.000630869262416,8.052236211142372e-6,0.00013596754585160393,152,4560,152,0.44605334128779073
0.037239836882843526,0.1629572937547831,0.00905318216173136,4.92450912986553e-6,1.0073233189108404e-9,1.000631692261832,8.00016124458125e-6,0.0001370508225155929,153,4590,153,0.45376071464996415
0.03748323450952878,0.1632171466796259,0.009093183442607322,4.92450912986553e-6,1.0076305563210255e-9,1.0006324672655749,9.324682650913019e-6,0.0001381300473239067,154,4620,154,0.45080196517013105
0.03772663213621403,0.16346904297912862,0.009133248061950861,4.92450912986553e-6,9.957152545109402e-10,1.000633196960529,8.478689125013261e-6,0.00013920515772646193,155,4650,155,0.4636367311022328
0.03797002976289928,0.16371302052660483,0.009173374134822007,4.92450912986553e-6,9.819822389538444e-10,1.0006338836036923,7.303766835775605e-6,0.00014027608873627917,156,4680,156,0.4614986481500904
0.03821342738958453,0.16394913810869724,0.00921355962157931,4.924509129865528e-6,9.782476215298504e-10,1.0006345252845925,6.579975320164522e-6,0.0001413427894081974,157,4710,157,0.45919720133058467
0.038456825016269784,0.1641775380634275,0.00925380276160427,4.924509129865531e-6,9.95691281133219e-10,1.000635125452022,8.730823168434654e-6,0.000142405201438583,158,4740,158,0.44080934337814803
0.038700222642955036,0.1643983780956622,0.00929410173844505,4.92450912986553e-6,1.0353809559735291e-9,1.0006356890695038,8.467092399655485e-6,0.00014346328637908072,159,4770,159,0.46858672085401987
0.03894362026964029,0.16461193930425405,0.009334454761985241,4.92450912986553e-6,1.0139022608546688e-9,1.0006362218242377,8.234613346758124e-6,0.00014451706340114893,160,4800,160,0.4605846490979124
0.03918701789632554,0.1648185536052061,0.009374860243547249,4.92450912986553e-6,9.560410145832263e-10,1.0006367310973554,9.150180702022226e-6,0.00014556658174035882,161,4830,161,0.4620686102774718
0.03943041552301079,0.16501835838391835,0.009415316016911288,4.924509129865528e-6,9.828010317727868e-10,1.0006372210906116,8.022509604188599e-6,0.00014661181185031028,162,4860,162,0.44735638776254766
0.03967381314969604,0.1652113967604323,0.009455820623402141,4.92450912986553e-6,1.106748251962171e-9,1.0006376964225456,8.23560100116083e-6,0.0001476527165545353,163,4890,163,0.4691557039202844
0.039917210776381294,0.16539772005809475,0.009496372287631226,4.92450912986553e-6,1.2502219893952636e-9,1.000638163072963,8.845299248605443e-6,0.00014868921960187987,164,4920,164,0.45286355794650834
0.040160608403066546,0.16557749872239727,0.009536969399915732,4.924509129865528e-6,1.3252098610898504e-9,1.0006386302094041,7.235099474200979e-6,0.00014972137938187985,165,4950,165,0.4567707844030842
0.0404040060297518,0.16575097990391444,0.009577610457747616,4.92450912986553e-6,1.3886785078849786e-9,1.000639112103871,8.24956850919989e-6,0.0001507493118176112,166,4980,166,0.4768527507813463
0.04064740365643705,0.1659184845895372,0.009618294003664082,4.92450912986553e-6,1.422566967480005e-9,1.0006396267769067,8.692447664770953e-6,0.00015177313558993686,167,5010,167,0.4779305550835866
0.0408908012831223,0.16608041859252895,0.009659018629537733,4.92450912986553e-6,1.4432842369108732e-9,1.000640190776739,9.208872597810114e-6,0.0001527930630345391,168,5040,168,0.4658740405852736
0.04113419890980755,0.16623717844105113,0.009699783027096757,4.92450912986553e-6,1.4472790327933678e-9,1.0006408159279592,8.975509388164937e-6,0.0001538093770572248,169,5070,169,0.4764786200611074
0.041377596536492804,0.16638897486207874,0.009740585922910931,4.924509129865528e-6,1.4387299967233052e-9,1.0006415075018151,8.321783781184422e-6,0.00015482222287235356,170,5100,170,0.47671370247070244
0.041620994163178056,0.16653600743707953,0.009781426183286049,4.92450912986553e-6,1.4253172158748315e-9,1.0006422619348552,8.02771396024582e-6,0.00015583169959004217,171,5130,171,0.46127173031846713
0.04186439178986331,0.16667847795448257,0.009822302604811789,4.92450912986553e-6,1.4153219766860694e-9,1.0006430730342522,8.779618468679473e-6,0.0001568378197216691,172,5160,172,0.45993070482758014
0.04210778941654856,0.1668166423471289,0.009863214177904698,4.92450912986553e-6,1.4234132500909712e-9,1.0006439366148665,8.063458523110967e-6,0.0001578406343841703,173,5190,173,0.4720595505555446
0.04235118704323381,0.16695083549513845,0.009904159961970437,4.92450912986553e-6,1.361225910172576e-9,1.0006448532029781,8.345312721758091e-6,0.0001588403059517115,174,5220,174,0.47423134316336724
0.04259458466991906,0.1670813791959541,0.009945139089438507,4.92450912986553e-6,1.3242867443594351e-9,1.00064582012259,9.456765496906883e-6,0.0001598370524891183,175,5250,175,0.4680572989067955
0.042837982296604314,0.16720878985720478,0.009986150628851132,4.92450912986553e-6,1.297244711897333e-9,1.0006468316691348,7.084557438474803e-6,0.0001608312865607606,176,5280,176,0.4568139866542151
0.043081379923289566,0.16733368062479473,0.010027193863639525,4.92450912986553e-6,1.3892560993876632e-9,1.00064788566132,8.364988701714537e-6,0.0001618235530514369,177,5310,177,0.4788764221860948
0.04332477754997482,0.16745638834862717,0.010068267961120739,4.92450912986553e-6,1.4419342355851492e-9,1.000648982059644,9.258747724061323e-6,0.00016281421100171407,178,5340,178,0.4750507958554681
0.04356817517666007,0.16757714626783435,0.010109372408714191,4.92450912986553e-6,1.527596880369587e-9,1.0006501129805643,8.311740771205223e-6,0.00016380360974494582,179,5370,179,0.4787449662355896
0.04381157280334532,0.16769625606399358,0.010150506896136115,4.924509129865528e-6,1.664059685852456e-9,1.000651269545117,8.65608900113557e-6,0.00016479203403418793,180,5400,180,0.49090668065632814
0.04405497043003057,0.16781413158864614,0.010191671310352465,4.92450912986553e-6,1.7895169891100931e-9,1.0006524439117774,8.886647322015051e-6,0.00016577979829525267,181,5430,181,0.4851383523510307
0.044298368056715824,0.16793136687024754,0.010232865300660697,4.92450912986553e-6,1.869902129688042e-9,1.0006536380315536,7.813741120799023e-6,0.00016676735580859077,182,5460,182,0.47751618244365485
0.044541765683401076,0.16804849973747368,0.01027408874115685,4.92450912986553e-6,1.96685737380988e-9,1.0006548567110631,9.440042703090512e-6,0.0001677551560951948,183,5490,183,0.48761716174949377
0.04478516331008633,0.16816574560910422,0.010315341566230674,4.92450912986553e-6,2.084833054840322e-9,1.0006561030109118,9.8897317002411e-6,0.00016874337810956862,184,5520,184,0.4896043544642663
0.04502856093677158,0.1682831127300457,0.010356623801224672,4.92450912986553e-6,2.2299455781422846e-9,1.000657376250354,8.048180163200414e-6,0.00016973204509014027,185,5550,185,0.48166164300629827
0.04527195856345683,0.16840064767189536,0.010397935350566984,4.92450912986553e-6,2.3273782571540532e-9,1.0006586728765723,8.023111064403565e-6,0.00017072125965177405,186,5580,186,0.4642805225454119
0.04551535619014208,0.16851847733353414,0.010439276161527854,4.92450912986553e-6,2.215716919702849e-9,1.0006599903471713,8.966764738715938e-6,0.00017171119567237572,187,5610,187,0.47268404357598554
0.045758753816827334,0.16863694481959307,0.010480646560246075,4.92450912986553e-6,2.110920137096917e-9,1.0006614230315214,8.557562125588447e-6,0.00017270225081738477,188,5640,188,0.4813795581925842
0.046002151443512586,0.16875639420255623,0.010522046852395014,4.92450912986553e-6,2.0365717200713852e-9,1.000662963342153,9.597613200185151e-6,0.0001736947685730588,189,5670,189,0.48475777928401975
0.04624554907019784,0.16887716370429187,0.010563477486147669,4.92450912986553e-6,2.0075257785151883e-9,1.00066452237381,1.2130440097735118e-5,0.0001746890836629151,190,5700,190,0.5016777259345392
0.04648894669688309,0.1689994934299156,0.01060493885819587,4.92450912986553e-6,2.0247684072485652e-9,1.0006660936005793,7.966371043721665e-6,0.00017568549437226754,191,5730,191,0.4988083876004571
0.04673234432356834,0.1691233666627069,0.010646430998259463,4.92450912986553e-6,1.9183949893643044e-9,1.000667669848416,8.955855790304668e-6,0.00017668410342631236,192,5760,192,0.5002455256428916
0.04697574195025359,0.1692486702084607,0.010687954379094342,4.92450912986553e-6,1.9145599704765724e-9,1.0006692446802599,9.01580889944853e-6,0.0001776849321374498,193,5790,193,0.4958396280854641
0.047219139576938844,0.16937535210105598,0.01072950903147466,4.92450912986553e-6,1.977786988164977e-9,1.0006708141891825,8.58225854472039e-6,0.00017868800530831814,194,5820,194,0.5042147298216202
0.047462537203624096,0.16950351209627426,0.01077109532850827,4.92450912986553e-6,2.0792298008941752e-9,1.000672374984427,1.0042636603202482e-5,0.00017969343290686062,195,5850,195,0.49234533882652143
0.04770593483030935,0.16963328615165335,0.010812713955380044,4.92450912986553e-6,2.2725233444932438e-9,1.0006739230478678,1.0019981118603027e-5,0.00018070131242616577,196,5880,196,0.5034339999260135
0.0479493324569946,0.16976484300641223,0.010854365250722437,4.92450912986553e-6,2.3676348899630466e-9,1.0006754580141672,9.89802924777905e-6,0.00018171172311386198,197,5910,197,0.5083450826277282
0.04819273008367985,0.16989831034784914,0.010896049607664774,4.92450912986553e-6,2.479688124248042e-9,1.0006769817812633,9.118803490082428e-6,0.00018272475709089258,198,5940,198,0.4957024600319872
0.0484361277103651,0.17003354943392995,0.010937767428836506,4.92450912986553e-6,2.6260117939335693e-9,1.0006784912411515,8.75367618391465e-6,0.0001837404306160983,199,5970,199,0.5000712796410054
0.048679525337050354,0.17017028848847585,0.010979519069472638,4.92450912986553e-6,2.8225695749480878e-9,1.0006799795151795,7.3895421337510925e-6,0.00018475868096834002,200,6000,200,0.5017795283571641
0.048922922963735606,0.17030838204557006,0.011021304802580144,4.92450912986553e-6,3.0448276156799536e-9,1.0006814380259887,9.646072342661682e-6,0.00018577950763236806,201,6030,201,0.49999333849140803
0.04916632059042086,0.17044776373011666,0.011063124777490647,4.92450912986553e-6,3.0424137769940554e-9,1.0006828592480284,9.137475900367065e-6,0.00018680288354601537,202,6060,202,0.5001555400952611
0.04940971821710611,0.17058865251358057,0.011104979830861865,4.92450912986553e-6,2.979411308709766e-9,1.0006842430254057,7.801902679460682e-6,0.0001878290985251356,203,6090,203,0.5054310335107149
0.04965311584379136,0.17073122501362054,0.011146870335736733,4.924509129865528e-6,2.9331947884961715e-9,1.0006855856070571,8.054368549892388e-6,0.00018885832662546035,204,6120,204,0.5079096899096411
0.04989651347047661,0.17087542485218024,0.011188796670882777,4.924509129865531e-6,2.9086437704057818e-9,1.0006868884247315,7.77139952390371e-6,0.00018989048045712112,205,6150,205,0.5155279368387101
0.050139911097161864,0.17102095175670867,0.01123075893033004,4.92450912986553e-6,2.8806577708135917e-9,1.0006881540847472,9.00316621255115e-6,0.00019092541418343602,206,6180,206,0.48554696797426106
0.050383308723847116,0.17116750423595445,0.011272757446471795,4.92450912986553e-6,2.7621121598138668e-9,1.0006893797599317,8.842475551773532e-6,0.0001919629872369699,207,6210,207,0.517240380335861
0.05062670635053237,0.17131489354137894,0.011314792198478477,4.924509129865528e-6,2.7216341752911328e-9,1.0006905572829987,9.577300374985498e-6,0.00019300306918073573,208,6240,208,0.5163291708173251
0.05087010397721762,0.17146288264593254,0.011356863392082094,4.924509129865531e-6,2.7910263010733807e-9,1.0006916804783896,9.44440667183244e-6,0.00019404549467063825,209,6270,209,0.5001981203043162
0.05111350160390287,0.17161137617463867,0.011398971417685219,4.92450912986553e-6,2.943031611940284e-9,1.0006927453326557,7.979323527251836e-6,0.0001950901199916419,210,6300,210,0.4993239065409627
0.05135689923058812,0.17176056608527523,0.011441116591171535,4.924509129865531e-6,3.1558328765754444e-9,1.000693748047094,1.0294709262836932e-5,0.00019613708958165813,211,6330,211,0.510535157145531
0.051600296857273374,0.1719102500179727,0.011483299050065978,4.92450912986553e-6,2.9195713581559062e-9,1.0006946884973587,8.58560812844189e-6,0.00019718608354432819,212,6360,212,0.5204160937322346
0.051843694483958626,0.17205996773967014,0.011525518631766698,4.92450912986553e-6,2.9096528400368224e-9,1.000695575746974,7.463962958809134e-6,0.00019823674228673345,213,6390,213,0.5207923418135988
0.05208709211064388,0.17220946101611098,0.011567775346224466,4.924509129865531e-6,3.008801072688015e-9,1.000696410396517,8.263141815234576e-6,0.00019928888315347054,214,6420,214,0.49347947659333863
0.05233048973732913,0.1723585240739524,0.011610069180477916,4.924509129865531e-6,3.0624113153663713e-9,1.0006976241800754,8.520494787944699e-6,0.00020034241354165887,215,6450,215,0.519594900839365
0.05257388736401438,0.1725069747218287,0.011652399586858984,4.92450912986553e-6,3.2720326459779335e-9,1.00069883883918,8.671584879493821e-6,0.00020139718458997736,216,6480,216,0.5131511742425704
0.05281728499069963,0.17265469651474047,0.011694766652196781,4.92450912986553e-6,3.302344163119849e-9,1.0006999982213098,9.418799777449749e-6,0.00020245313603572322,217,6510,217,0.5185322611925179
0.053060682617384884,0.17280182248890932,0.011737170100993006,4.924509129865531e-6,3.293601352322944e-9,1.0007010956914382,8.822106593697754e-6,0.0002035104441242366,218,6540,218,0.5132274310824512
0.053304080244070136,0.1729484530140664,0.0117796102566535,4.924509129865531e-6,3.3372456582956232e-9,1.000702123282343,9.443246895557422e-6,0.0002045691764346678,219,6570,219,0.505115598381018
0.05354747787075539,0.1730945437422154,0.011822086965466213,4.924509129865528e-6,3.394840211922305e-9,1.00070308049823,9.464732642072704e-6,0.00020562907574065342,220,6600,220,0.5106263720983555
0.05379087549744064,0.17323962079931227,0.01186459987051138,4.924509129865531e-6,3.451389427321567e-9,1.0007039670640847,7.99423531816501e-6,0.00020668976014317705,221,6630,221,0.51734030518607
0.05403427312412589,0.17338313881668346,0.011907148440470555,4.92450912986553e-6,3.50344403827078e-9,1.00070477781479,9.236248139643521e-6,0.00020775080673152987,222,6660,222,0.5124349248160447
0.05427767075081114,0.17352485250669208,0.011949732118025915,4.92450912986553e-6,3.5692762594373813e-9,1.0007055022191242,9.84774749213102e-6,0.00020881202886589617,223,6690,223,0.5164472613591408
0.054521068377496394,0.17366471807708003,0.011992350436278805,4.924509129865531e-6,3.7057403819477495e-9,1.0007061351535007,1.1755677661540176e-5,0.00020987335933133478,224,6720,224,0.5130551264438745
0.054764466004181646,0.17380297372054257,0.012035003097470843,4.924509129865531e-6,4.00956706352384e-9,1.0007066685348907,9.6388269810177e-6,0.00021093505685766396,225,6750,225,0.5281531799563678
0.0550078636308669,0.17393995734897646,0.012077690314563929,4.92450912986553e-6,4.2566694487641866e-9,1.000707077682036,8.700621748403137e-6,0.0002119972904169246,226,6780,226,0.5253569393081532
0.05525126125755215,0.17407551764608303,0.012120411810142772,4.92450912986553e-6,3.966422077562343e-9,1.0007073254099301,1.180855940674519e-5,0.00021305970912632353,227,6810,227,0.5276048154641263
0.0554946588842374,0.17420919287304681,0.012163167085649641,4.92450912986553e-6,3.832446052372941e-9,1.0007074250205876,1.001626568353231e-5,0.00021412192318351404,228,6840,228,0.5273288399248032
0.05573805651092265,0.17434066742711568,0.012205955245503575,4.924509129865531e-6,3.764207181871797e-9,1.0007073776848563,8.230382775309408e-6,0.0002151836720301816,229,6870,229,0.5180444022164985
0.055981454137607904,0.17446977685323786,0.012248775585030703,4.92450912986553e-6,3.6165660226170817e-9,1.0007077140096508,8.931393224997919e-6,0.00021624481777031374,230,6900,230,0.5259999862357152
0.056224851764293156,0.17459634188647383,0.012291627413990595,4.924509129865531e-6,3.6210364117007583e-9,1.0007080875014067,9.656944357061548e-6,0.0002173051453028034,231,6930,231,0.5254275436655368
0.05646824939097841,0.17472041601339203,0.01233451005735422,4.92450912986553e-6,3.798443027230043e-9,1.000708339661084,7.533129490866486e-6,0.00021836463252296413,232,6960,232,0.518394641876038
0.05671164701766366,0.17484227081380696,0.012377423207520154,4.92450912986553e-6,4.005193613620701e-9,1.0007084760629819,8.689698205444074e-6,0.0002194234845900585,233,6990,233,0.5316419961224342
0.05695504464434891,0.17496191526977228,0.012420366651041872,4.92450912986553e-6,4.213786134736168e-9,1.0007084845713972,8.10576992194001e-6,0.0002204816052818762,234,7020,234,0.5280943092465116
0.05719844227103416,0.1750790261667816,0.012463339828376989,4.924509129865531e-6,4.328303813145242e-9,1.0007083701678707,9.941887299191876e-6,0.00022153849077583826,235,7050,235,0.5352126693971243
0.057441839897719414,0.17519335363663324,0.012506341793508253,4.924509129865531e-6,4.24253645008121e-9,1.0007081360882888,8.94153515673679e-6,0.0002225938502448642,236,7080,236,0.5173067465404468
0.057685237524404666,0.17530479685143927,0.01254937177556568,4.924509129865531e-6,4.396372600689233e-9,1.0007077845050993,9.315059656955782e-6,0.0002236476380356364,237,7110,237,0.4997668730880507
0.05792863515108992,0.1754131505658274,0.012592428717075103,4.924509129865531e-6,4.26498725473492e-9,1.0007073204854111,8.009894969518427e-6,0.00022469968942208455,238,7140,238,0.5338764239851784
0.05817203277777517,0.17551830116431788,0.01263551218169932,4.92450912986553e-6,4.298733365204294e-9,1.000706738182339,9.034172165911514e-6,0.00022574988014252993,239,7170,239,0.5153336454765619
0.05841543040446042,0.1756204061380666,0.01267862125864825,4.92450912986553e-6,4.460837182254005e-9,1.000706039318297,8.312138177757333e-6,0.0002267983609154589,240,7200,240,0.48748385277754425
0.05865882803114567,0.1757197291318112,0.012721755376984552,4.92450912986553e-6,4.384080027479066e-9,1.000705526213122,9.069204722322866e-6,0.00022784534938127991,241,7230,241,0.5223809407124395
0.058902225657830924,0.17581628433482663,0.012764914082754007,4.92450912986553e-6,4.336539073148048e-9,1.0007054431462177,8.176721699726386e-6,0.00022889068235506005,242,7260,242,0.5053328310176962
0.059145623284516176,0.17590989064292972,0.012808096490719373,4.92450912986553e-6,4.342474978586919e-9,1.0007052716299736,9.80724675514466e-6,0.00022993401006052343,243,7290,243,0.5193204542715014
0.05938902091120143,0.17600038835464024,0.012851301746790694,4.92450912986553e-6,4.382262387753757e-9,1.0007050282218792,9.617043161824768e-6,0.00023097522226530633,244,7320,244,0.518761641912241
0.05963241853788668,0.17608771068031445,0.012894528728701272,4.924509129865528e-6,4.46669823633316e-9,1.00070472169774,8.98473864197058e-6,0.00023201434487971398,245,7350,245,0.5174552352367405
0.05987581616457193,0.17617186210324542,0.012937776831270873,4.92450912986553e-6,4.661491909422371e-9,1.000704349971195,8.867509393439832e-6,0.00023305140895677195,246,7380,246,0.5168803430729453
0.06011921379125718,0.1762531488680268,0.012981045320300458,4.92450912986553e-6,5.0611165441187935e-9,1.0007039242451872,8.820733214065513e-6,0.0002340865946911914,247,7410,247,0.510832524424314
0.060362611417942434,0.17633234482601595,0.013024333826416209,4.92450912986553e-6,5.396321676181272e-9,1.000703441067328,1.160287403934035e-5,0.0002351206537209966,248,7440,248,0.5428820170228136
0.060606009044627686,0.17640964444521157,0.013067642296419475,4.924509129865531e-6,5.062686715813518e-9,1.00070287318916,7.476219465729628e-6,0.00023615351839502711,249,7470,249,0.5438817782398034
0.06084940667131294,0.17648463649076557,0.013110970189868242,4.92450912986553e-6,4.8982626079375586e-9,1.00070220858136,8.866805245588694e-6,0.00023718474364301103,250,7500,250,0.5191400637598064
0.06109280429799819,0.17655704398469027,0.013154316483145691,4.924509129865531e-6,4.859784070641154e-9,1.0007014939238605,8.678148333274294e-6,0.00023821411975412526,251,7530,251,0.5456026771875093
0.06133620192468344,0.1766269713506676,0.01319768052495822,4.92450912986553e-6,4.7005699219084844e-9,1.0007015216563973,8.2314834060071e-6,0.00023924192506703175,252,7560,252,0.5270019993497542
0.06157959955136869,0.17669462300700275,0.01324106156722094,4.92450912986553e-6,4.680331245512506e-9,1.0007014827071048,1.0091254630140156e-5,0.00024026838327169658,253,7590,253,0.5464554877625651
0.061822997178053944,0.17676019814733956,0.013284459220689923,4.924509129865531e-6,4.872242869373313e-9,1.0007013677376266,1.0522854410055515e-5,0.00024129370743626013,254,7620,254,0.5274987663781101
0.062066394804739196,0.1768241122589901,0.0133278730206447,4.92450912986553e-6,5.169412203731627e-9,1.000701189424269,9.573623671599307e-6,0.00024231810237960937,255,7650,255,0.5427561682165507
0.06230979243142445,0.1768871717806453,0.01337130283732617,4.92450912986553e-6,5.606122650590335e-9,1.0007009523110786,1.017169992678646e-5,0.00024334231015968278,256,7680,256,0.519039445895607
0.0625531900581097,0.17694921237003064,0.013414748382117843,4.924509129865532e-6,5.704174550527479e-9,1.0007006570842423,9.699829547571426e-6,0.00024436614494872206,257,7710,257,0.5404424878171791
0.06279658768479496,0.1770095329448461,0.01345820949041912,4.924509129865532e-6,5.430089408731116e-9,1.0007003029825683,9.138882177239793e-6,0.000245388975834214,258,7740,258,0.5519218075377139
0.06303998531148021,0.17706793780454955,0.013501685380220415,4.92450912986553e-6,5.425248643534662e-9,1.0006998897425219,1.0068599820556301e-5,0.00024641075314157685,259,7770,259,0.5437363660035957
0.06328338293816546,0.177124772369726,0.013545175580257746,4.92450912986553e-6,5.593681235089379e-9,1.0006994115486305,9.588689295014774e-6,0.00024743201830015437,260,7800,260,0.5521226445529116
0.06352678056485071,0.17718045344831687,0.01358867979598011,4.92450912986553e-6,5.623906911192488e-9,1.0006991035280943,1.1144118516881463e-5,0.0002484532702027457,261,7830,261,0.5256717238267952
0.06377017819153596,0.17723541964404754,0.013632197820520997,4.92450912986553e-6,5.745849825540194e-9,1.0006993466754965,9.694350211475466e-6,0.0002494748307631227,262,7860,262,0.542258955237734
0.06401357581822122,0.17729012717648657,0.013675729307156744,4.92450912986553e-6,5.912429857105749e-9,1.0006995447119298,1.0958664034887988e-5,0.0002504971681151295,263,7890,263,0.5454477840476248
0.06425697344490647,0.1773450401339283,0.013719274630111314,4.92450912986553e-6,5.8899722662512366e-9,1.0006996883612047,9.560379865547475e-6,0.00025152073805675957,264,7920,264,0.5492559278288487
0.06450037107159172,0.17740007490805884,0.013762833825317167,4.924509129865531e-6,6.104516902960784e-9,1.000699769122124,1.0167894430423985e-5,0.00025254521918491134,265,7950,265,0.5439498044266764
0.06474376869827697,0.1774549841482459,0.013806406967608126,4.92450912986553e-6,6.292308684116394e-9,1.0006997868552852,1.0436502677180215e-5,0.0002535704675960445,266,7980,266,0.5455668207581974
0.06498716632496222,0.17750982520771472,0.013849993590796058,4.92450912986553e-6,6.214046584687405e-9,1.0006997543296465,9.359023067645467e-6,0.0002545968074963463,267,8010,267,0.5344005448846287
0.06523056395164747,0.17756486152020323,0.013893593859020132,4.924509129865531e-6,5.91480732613369e-9,1.0006996678032902,8.91381510825795e-6,0.0002556246475208065,268,8040,268,0.530467365896671
0.06547396157833273,0.17762026882684367,0.013937207414072776,4.92450912986553e-6,5.697880725569449e-9,1.000699529966417,9.84723806141119e-6,0.00025665393250516155,269,8070,269,0.5576086174363702
0.06571735920501798,0.17767668638817824,0.013980834683392153,4.92450912986553e-6,5.697269524853089e-9,1.0006993564989375,1.031042486943079e-5,0.0002576854194718144,270,8100,270,0.5595073559263137
0.06596075683170323,0.17773486067907818,0.014024476361287282,4.92450912986553e-6,5.608218009051591e-9,1.0006998856418872,1.0935524883848302e-5,0.0002587199090578981,271,8130,271,0.5487887500399643
0.06620415445838848,0.1777944686692006,0.014068133192306126,4.92450912986553e-6,5.45897115116507e-9,1.0007004687107546,9.373967422732221e-6,0.00025975665846488416,272,8160,272,0.5559846099112747
0.06644755208507373,0.17785517870028975,0.014111805060163869,4.924509129865531e-6,5.432558877143186e-9,1.0007010139784955,1.0111426007597402e-5,0.00026079544795208225,273,8190,273,0.5591377778940468
0.06669094971175898,0.17791696987869488,0.014155492398077863,4.92450912986553e-6,5.45824538511072e-9,1.0007015302575455,9.657862761969227e-6,0.00026183652003574184,274,8220,274,0.5468585623315353
0.06693434733844424,0.17797971688496347,0.014199194866563429,4.924509129865531e-6,5.583128995223667e-9,1.0007020042467036,1.0244649558899255e-5,0.00026287990357088065,275,8250,275,0.54714659883251
0.06717774496512949,0.17804335915167366,0.014242913230059577,4.924509129865532e-6,5.938593672796666e-9,1.0007024100180393,8.563792391669267e-6,0.00026392556905437787,276,8280,276,0.554563313720646
0.06742114259181474,0.17810822880097407,0.01428664738149792,4.924509129865531e-6,6.592171215271662e-9,1.0007027447944659,9.234276461711488e-6,0.00026497393373062293,277,8310,277,0.5502201158069191
0.06766454021849999,0.178175095729638,0.01433039789640261,4.92450912986553e-6,6.644292390130902e-9,1.0007029917815142,9.279346315338444e-6,0.000266025791034718,278,8340,278,0.5598897133889462
0.06790793784518524,0.17824380826284048,0.014374165519292907,4.92450912986553e-6,6.28479730032212e-9,1.000703137079288,1.07113547826998e-5,0.00026708070631974656,279,8370,279,0.5382507947563612
0.0681513354718705,0.17831411658514498,0.014417950511700337,4.924509129865531e-6,6.10000351218704e-9,1.0007037488292299,9.548925561375654e-6,0.0002681386440490397,280,8400,280,0.5634167784009083
0.06839473309855575,0.17838554236829443,0.014461752756192327,4.924509129865531e-6,6.0471025365134305e-9,1.0007046307431555,1.0570417160238321e-5,0.00026919935938599977,281,8430,281,0.5390991938348066
0.068638130725241,0.1784578520310806,0.014505572650949866,4.92450912986553e-6,5.998511760576699e-9,1.0007054481731805,9.258721590299501e-6,0.00027026282884008766,282,8460,282,0.5481831842793013
0.06888152835192625,0.17853117545389427,0.014549410285342132,4.924509129865531e-6,5.886428632762838e-9,1.000706194753633,9.88173800919867e-6,0.00027132938045438225,283,8490,283,0.5479702032205627
0.0691249259786115,0.17860602102017004,0.014593265881685975,4.92450912986553e-6,6.1839601713260445e-9,1.0007068663810978,9.389986388441685e-6,0.00027239966857236635,284,8520,284,0.5541281603505248
0.06936832360529675,0.17868296724871624,0.014637140109882464,4.924509129865531e-6,6.884824278279236e-9,1.0007074655823842,1.1800469657430313e-5,0.0002734743114423344,285,8550,285,0.5463000228093947
0.069611721231982,0.17876184638745993,0.01468103406669531,4.92450912986553e-6,7.272819808971673e-9,1.0007079566871595,9.885972531264997e-6,0.0002745527477672383,286,8580,286,0.5606488559325755
0.06985511885866726,0.17884264533962677,0.014724947860643548,4.92450912986553e-6,7.248307462809048e-9,1.000708349730024,1.104798066364765e-5,0.00027563507748122026,287,8610,287,0.5696305346084408
0.07,0.17888803465391845,0.014751096852506139,4.924509129865531e-6,6.317364556726817e-9,1.0007070154264437,5.403494213851445e-6,0.00027628007736855,288,8628,288,0.5148538649955898
