step,time_s,liquid_area_m2,boundary_integral_m2,balance_error_m2,phi_min,phi_max
0,0,9.824376755967772e-7,0,0,0.0,0.9999999999771026
1,2.8281739830889655e-5,9.826922112552552e-7,2.5453565847800694e-10,6.462348535570529e-23,0.0,0.9999999999774464
2,5.656347966177931e-5,9.829467469137333e-7,5.090713169560139e-10,1.2924697071141057e-22,0.0,0.9999999999777742
3,8.484521949266897e-5,9.832012825722114e-7,7.636069754340207e-10,1.93973853643685e-22,0.0,1.0000035855149862
4,0.00011312695932355862,9.834558182306892e-7,1.0181426339120278e-9,4.6735704609246064e-23,0.0,1.0000167765643102
5,0.00014140869915444827,9.83710353889167e-7,1.2726782923900346e-9,-1.002956492720546e-22,0.0,1.0000291219757858
6,0.00016969043898533792,9.839648895476452e-7,1.5272139508680414e-9,-3.556876633978019e-23,0.0,1.0000406967095024
7,0.00019797217881622757,9.842194252061232e-7,1.7817496093460483e-9,2.9158116592494226e-23,0.0,1.0000515662098184
8,0.00022625391864711722,9.844739608646013e-7,2.036285267824055e-9,9.388499952476864e-23,0.0,1.000061788536506
9,0.0002545356584780069,9.847284965230794e-7,2.290820926302062e-9,1.584050873039048e-22,0.0,1.0000714158551154
10,0.00028281739830889654,9.849830321815572e-7,2.545356584780069e-9,1.1166938269465874e-23,0.0,1.0000804964765373
11,0.0003110991381397862,9.852375678400353e-7,2.7998922432580762e-9,7.568702604860203e-23,0.0,1.000089079152725
12,0.00033938087797067584,9.854921034985134e-7,3.0544279017360833e-9,1.402071138277382e-22,0.0,1.000097199907545
13,0.0003676626178015655,9.857466391569912e-7,3.3089635602140903e-9,-7.031035206700735e-24,0.0,1.0001048914082222
14,0.00039594435763245513,9.860011748154693e-7,3.5634992186920974e-9,5.748905257243542e-23,0.0,1.0001121833856585
15,0.0004242260974633448,9.862557104739474e-7,3.818034877170104e-9,1.224227306578481e-22,0.0,1.0001191029252974
16,0.00045250783729423443,9.865102461324255e-7,4.072570535648111e-9,1.8694281843698425e-22,0.0,1.000125674757152
17,0.0004807895771251241,9.867647817909033e-7,4.327106194126118e-9,3.970466940254533e-23,0.0,1.0001319215075088
18,0.0005090713169560138,9.870193174493812e-7,4.581641852604125e-9,-1.075334796318936e-22,0.0,1.000137863921158
19,0.0005373530567869035,9.872738531078592e-7,4.836177511082132e-9,-4.301339185275744e-23,0.0,1.0001435210786551
20,0.0005656347966177932,9.875283887663373e-7,5.090713169560139e-9,2.150669592637872e-23,0.0,1.000148910635621
21,0.0005939165364486829,9.877829244248154e-7,5.345248828038146e-9,8.602678370551488e-23,0.0,1.000154048810298
22,0.0006221982762795726,9.880374600832935e-7,5.599784486516153e-9,1.5054687148465104e-22,0.0,1.0001589505265374
23,0.0006504800161104623,9.882919957417713e-7,5.85432014499416e-9,3.308722450212111e-24,0.0,1.0001636295413232
24,0.000678761755941352,9.885465314002494e-7,6.108855803472167e-9,6.782881022934827e-23,0.0,1.000168098556452
25,0.0007070434957722417,9.888010670587275e-7,6.3633914619501744e-9,1.3234889800848443e-22,0.0,1.0001723693180273
26,0.0007353252356031314,9.890556027172053e-7,6.6179271204281815e-9,-1.4889251025954498e-23,0.0,1.0001764527049783
27,0.0007636069754340211,9.893101383756834e-7,6.8724627789061885e-9,4.963083675318166e-23,0.0,1.0001803588074367
28,0.0007918887152649108,9.895646740341615e-7,7.1269984373841956e-9,1.1415092453231782e-22,0.0,1.0001840969969236
29,0.0008201704550958005,9.898192096926395e-7,7.381534095862203e-9,1.7867101231145398e-22,0.0,1.0001876759893125
30,0.0008484521949266902,9.900737453511174e-7,7.63606975434021e-9,3.143286327701505e-23,0.0,1.0001911039006424
31,0.0008767339347575799,9.903282810095955e-7,7.890605412818217e-9,9.595295105615121e-23,0.0,1.0001943883000421
32,0.0009050156745884696,9.905828166680733e-7,8.145141071296224e-9,-5.1285197978287716e-23,0.0,1.0001975362539661
33,0.0009332974144193593,9.908373523265514e-7,8.39967672977423e-9,1.3234889800848443e-23,0.0,1.00020055436653
34,0.000961579154250249,9.910918879850295e-7,8.654212388252238e-9,7.77549775799846e-23,0.0,1.0002034488160987
35,0.0009898608940811387,9.913464236435073e-7,8.908748046730245e-9,-6.948317145445432e-23,0.0,1.0002062253884947
36,0.0010181426339120284,9.916009593019856e-7,9.163283705208252e-9,2.0679515313825692e-22,0.0,1.0002088895071477
37,0.0010464243737429181,9.918554949604635e-7,9.417819363686259e-9,5.955700410381799e-23,0.0,1.0002114462604388
38,0.0010747061135738078,9.921100306189413e-7,9.672355022164266e-9,-8.768114493062093e-23,0.0,1.0002139004264
39,0.0011029878534046975,9.923645662774194e-7,9.926890680642273e-9,-2.3161057151484775e-23,0.0,1.0002162564947157
40,0.0011312695932355872,9.926191019358975e-7,1.018142633912028e-8,4.1359030627651384e-23,0.0,1.0002185186852557
41,0.001159551333066477,9.928736375943753e-7,1.0435961997598287e-8,-1.0587911840678754e-22,0.0,1.0002206909584828
42,0.0011878330728973666,9.931281732528534e-7,1.0690497656076294e-8,-4.1359030627651384e-23,0.0,1.000222776894395
43,0.0012161148127282563,9.933827089113313e-7,1.0945033314554301e-8,-1.885971796620903e-22,0.0,1.0002247703068847
44,0.001244396552559146,9.936372445698093e-7,1.1199568973032308e-8,-1.2407709188295415e-22,0.0,1.00022667728655
45,0.0012726782923900358,9.938917802282874e-7,1.1454104631510315e-8,-5.955700410381799e-23,0.0,1.0002285031653333
46,0.0013009600322209255,9.941463158867655e-7,1.1708640289988322e-8,4.963083675318166e-24,0.0,1.0002302526462599
47,0.0013292417720518152,9.944008515452436e-7,1.196317594846633e-8,6.948317145445432e-23,0.0,1.0002319299084017
48,0.0013575235118827049,9.946553872037216e-7,1.2217711606944336e-8,1.3400325923359048e-22,0.0,1.0002335386921108
49,0.0013858052517135946,9.949099228621995e-7,1.2472247265422343e-8,-1.3234889800848443e-23,0.0,1.000235082368524
50,0.0014140869915444843,9.951644585206773e-7,1.272678292390035e-8,-1.6047303883528737e-22,0.0,1.0002365639964224
51,0.001442368731375374,9.954189941791556e-7,1.2981318582378358e-8,1.1580528575742387e-22,0.0,1.00023798636901
52,0.0014706504712062637,9.956735298376335e-7,1.3235854240856365e-8,-3.143286327701505e-23,0.0,1.0002393520526778
53,0.0014989322110371534,9.959280654961116e-7,1.3490389899334372e-8,3.3087224502121107e-23,0.0,1.000240663419444
54,0.001527213950868043,9.961826011545896e-7,1.3744925557812379e-8,9.760731228125727e-23,0.0,1.0002419226744954
55,0.0015554956906989328,9.964371368130677e-7,1.3999461216290386e-8,1.6212740006039342e-22,0.0,1.0002431318800928
56,0.0015837774305298225,9.966916724715456e-7,1.4253996874768393e-8,1.4889251025954498e-23,0.0,1.0002442929770883
57,0.0016120591703607122,9.969462081300236e-7,1.45085325332464e-8,7.940933880509066e-23,0.0,1.0002454078055167
58,0.0016403409101916019,9.972007437885015e-7,1.4763068191724407e-8,-6.782881022934827e-23,0.0,1.0002464781264324
59,0.0016686226500224916,9.974552794469796e-7,1.5017603850202414e-8,-3.308722450212111e-24,0.0,1.0002475056492173
60,0.0016969043898533813,9.977098151054576e-7,1.527213950868042e-8,6.28657265540301e-23,0.0,1.0002484920752517
61,0.001725186129684271,9.979643507639357e-7,1.5526675167158425e-8,1.2904017555827232e-22,0.0,1.000249439197895
62,0.0017534678695151607,9.982188864224138e-7,1.578121082563643e-8,1.9521462456251453e-22,0.0,1.000250349367722
63,0.0017817496093460504,9.984734220808914e-7,1.6035746484114435e-8,-1.6212740006039342e-22,0.0,1.0002512939738346
64,0.00181003134917694,9.987279577393695e-7,1.629028214259244e-8,-9.595295105615121e-23,0.0,1.0002522577221953
65,0.0018383130890078298,9.989824933978476e-7,1.6544817801070446e-8,-2.9778502051908996e-23,0.0,1.0002532284899908
66,0.0018665948288387195,9.992370290563256e-7,1.679935345954845e-8,3.639594695233322e-23,0.0,1.0002541967275809
67,0.0018948765686696092,9.994915647148037e-7,1.7053889118026457e-8,1.0257039595657543e-22,0.0,1.0002551549650578
68,0.001923158308500499,9.997461003732816e-7,1.7308424776504462e-8,-4.301339185275744e-23,0.0,1.0002560974074184
69,0.0019514400483313886,1.0000006360317596e-6,1.7562960434982468e-8,2.3161057151484775e-23,0.0,1.0002570196041067
70,0.0019797217881622783,1.0002551716902375e-6,1.7817496093460473e-8,-1.224227306578481e-22,0.0,1.0002579181804463
71,0.002008003527993168,1.0005097073487156e-6,1.807203175193848e-8,-5.624828165360588e-23,0.0,1.000258790620191
72,0.0020362852678240573,1.0007642430071936e-6,1.8326567410416484e-8,9.926167350636332e-24,0.0,1.0002596350900397
73,0.0020645670076549468,1.0010187786656717e-6,1.858110306889449e-8,7.610061635487855e-23,0.0,1.0002604502984032
74,0.0020928487474858363,1.0012733143241496e-6,1.8835638727372495e-8,-6.948317145445432e-23,0.0,1.0002612353820137
75,0.0021211304873167258,1.0015278499826277e-6,1.90901743858505e-8,-3.308722450212111e-24,0.0,1.0002619898150729
76,0.0021494122271476152,1.0017823856411055e-6,1.9344710044328506e-8,-1.4889251025954498e-22,0.0,1.0002627133365787
77,0.0021776939669785047,1.0020369212995838e-6,1.959924570280651e-8,1.2904017555827232e-22,0.0,1.0002634058878992
78,0.002205975706809394,1.0022914569580617e-6,1.9853781361284516e-8,-1.6543612251060553e-23,0.0,1.0002640675661947
79,0.0022342574466402837,1.0025459926165397e-6,2.0108317019762522e-8,4.963083675318166e-23,0.0,1.0002646985907304
80,0.002262539186471173,1.0028005282750178e-6,2.0362852678240527e-8,1.1580528575742387e-22,0.0,1.0002652992755814
81,0.0022908209263020627,1.0030550639334959e-6,2.0617388336718532e-8,1.819797347616661e-22,0.0,1.0002658700075735
82,0.002319102666132952,1.0033095995919737e-6,2.0871923995196538e-8,3.639594695233322e-23,0.0,1.0002664112285056
83,0.0023473844059638416,1.0035641352504516e-6,2.1126459653674543e-8,-1.0918784085699965e-22,0.0,1.0002669234208659
84,0.002375666145794731,1.0038186709089297e-6,2.138099531215255e-8,-4.301339185275744e-23,0.0,1.0002674070963904
85,0.0024039478856256206,1.0040732065674077e-6,2.1635530970630554e-8,2.3161057151484775e-23,0.0,1.0002678627869317
86,0.00243222962545651,1.0043277422258858e-6,2.189006662910856e-8,8.933550615572699e-23,0.0,1.0002682910372
87,0.0024605113652873996,1.0045822778843639e-6,2.2144602287586565e-8,1.555099551599692e-22,0.0,1.0002686923990207
88,0.002488793105118289,1.004836813542842e-6,2.239913794606457e-8,2.216844041642114e-22,0.0,1.0002690674268158
89,0.0025170748449491786,1.0050913492013196e-6,2.2653673604542576e-8,-1.3565762045869654e-22,0.0,1.0002694166740735
90,0.002545356584780068,1.0053458848597977e-6,2.290820926302058e-8,-6.948317145445432e-23,0.0,1.0002697406906103
91,0.0025736383246109575,1.0056004205182757e-6,2.3162744921498586e-8,-3.308722450212111e-24,0.0,1.0002700400204716
92,0.002601920064441847,1.0058549561767538e-6,2.3417280579976592e-8,6.28657265540301e-23,0.0,1.0002703152003423
93,0.0026302018042727365,1.0061094918352319e-6,2.3671816238454597e-8,1.2904017555827232e-22,0.0,1.000270566758364
94,0.002658483544103626,1.0063640274937097e-6,2.3926351896932603e-8,-1.6543612251060553e-23,0.0,1.0002707952132766
95,0.0026867652839345155,1.0066185631521876e-6,2.4180887555410608e-8,-1.6212740006039342e-22,0.0,1.000271001073814
96,0.002715047023765405,1.0068730988106657e-6,2.4435423213888613e-8,-9.595295105615121e-23,0.0,1.0002711848383006
97,0.0027433287635962944,1.0071276344691437e-6,2.468995887236662e-8,-2.9778502051908996e-23,0.0,1.0002713469943998
98,0.002771610503427184,1.0073821701276218e-6,2.4944494530844624e-8,3.639594695233322e-23,0.0,1.0002714880189714
99,0.0027998922432580734,1.0076367057860999e-6,2.519903018932263e-8,1.0257039595657543e-22,0.0,1.0002716083779835
100,0.002828173983088963,1.007891241444578e-6,2.5453565847800635e-8,1.6874484496081765e-22,0.0,1.000271708526354
101,0.0028564557229198524,1.0081457771030558e-6,2.570810150627864e-8,2.3161057151484775e-23,0.0,1.0002717889066977
102,0.002884737462750742,1.0084003127615339e-6,2.5962637164756646e-8,8.933550615572699e-23,0.0,1.00027184970734
103,0.0029130192025816314,1.0086548484200117e-6,2.621717282323465e-8,-5.624828165360588e-23,0.0,1.0002718912236843
104,0.002941300942412521,1.0089093840784898e-6,2.6471708481712656e-8,9.926167350636332e-24,0.0,1.0002719138188765
105,0.0029695826822434103,1.0091639197369679e-6,2.6726244140190662e-8,7.610061635487855e-23,0.0,1.0002719178960982
106,0.0029978644220743,1.009418455395446e-6,2.6980779798668667e-8,1.4227506535912076e-22,0.0,1.000271903879331
107,0.0030261461619051893,1.0096729910539236e-6,2.7235315457146673e-8,-2.150669592637872e-22,0.0,1.0002718722002237
108,0.003054427901736079,1.0099275267124017e-6,2.7489851115624678e-8,-1.4889251025954498e-22,0.0,1.0002718232893353
109,0.0030827096415669683,1.0101820623708798e-6,2.7744386774102683e-8,-8.271806125530277e-23,0.0,1.000271757570488
110,0.0031109913813978578,1.0104365980293578e-6,2.799892243258069e-8,-1.6543612251060553e-23,0.0,1.0002716754573038
111,0.0031392731212287472,1.010691133687836e-6,2.8253458091058694e-8,4.963083675318166e-23,0.0,1.0002715773512496
112,0.0031675548610596367,1.010945669346314e-6,2.85079937495367e-8,1.1580528575742387e-22,0.0,1.000271463640715
113,0.003195836600890526,1.011200205004792e-6,2.8762529408014705e-8,1.819797347616661e-22,0.0,1.00027133470077
114,0.0032241183407214157,1.01145474066327e-6,2.901706506649271e-8,3.639594695233322e-23,0.0,1.0002711908933617
115,0.003252400080552305,1.011709276321748e-6,2.9271600724970716e-8,1.0257039595657543e-22,0.0,1.000271032567781
116,0.0032806818203831947,1.0119638119802258e-6,2.952613638344872e-8,-4.301339185275744e-23,0.0,1.0002708600612766
117,0.003308963560214084,1.012218347638704e-6,2.9780672041926726e-8,2.3161057151484775e-23,0.0,1.0002706736997404
118,0.0033372453000449736,1.012472883297182e-6,3.0035207700404735e-8,8.602678370551488e-23,0.0,1.0002704737984107
119,0.003365527039875863,1.0127274189556598e-6,3.028974335888274e-8,-5.955700410381799e-23,0.0,1.000270260662561
120,0.0033938087797067526,1.012981954614138e-6,3.0544279017360746e-8,6.617444900424222e-24,0.0,1.0002700345881543
121,0.003422090519537642,1.013236490272616e-6,3.079881467583875e-8,7.279189390466644e-23,0.0,1.0002697958624485
122,0.0034503722593685316,1.0134910259310938e-6,3.105335033431676e-8,-7.279189390466644e-23,0.0,1.0002695447645562
123,0.003478653999199421,1.013745561589572e-6,3.130788599279476e-8,-6.617444900424222e-24,0.0,1.000269281566685
124,0.0035069357390303106,1.01400009724805e-6,3.156242165127277e-8,5.955700410381799e-23,0.0,1.0002690065339643
125,0.0035352174788612,1.014254632906528e-6,3.181695730975077e-8,1.257314531080602e-22,0.0,1.0002687199245457
126,0.0035634992186920895,1.0145091685650061e-6,3.207149296822878e-8,1.9190590211230242e-22,0.0,1.0002684219898486
127,0.003591780958522979,1.0147637042234842e-6,3.2326028626706784e-8,2.5808035111654463e-22,0.0,1.0002681129748778
128,0.0036200626983538685,1.0150182398819618e-6,3.258056428518479e-8,-9.926167350636332e-23,0.0,1.0002677931185626
129,0.003648344438184758,1.01527277554044e-6,3.2835099943662794e-8,-3.3087224502121107e-23,0.0,1.0002674626540888
130,0.0036766261780156475,1.015527311198918e-6,3.30896356021408e-8,3.3087224502121107e-23,0.0,1.0002671218092103
131,0.003704907917846537,1.015781846857396e-6,3.3344171260618805e-8,9.926167350636332e-23,0.0,1.0002667708065327
132,0.0037331896576774264,1.0160363825158741e-6,3.359870691909681e-8,1.6543612251060553e-22,0.0,1.0002664098637657
133,0.003761471397508316,1.016290918174352e-6,3.3853242577574816e-8,1.9852334701272664e-23,0.0,1.0002660391939484
134,0.0037897531373392054,1.01654545383283e-6,3.410777823605282e-8,8.602678370551488e-23,0.0,1.0002656590056462
135,0.003818034877170095,1.0167999894913081e-6,3.436231389453083e-8,1.522012327097571e-22,0.0,1.0002652695031262
136,0.0038463166170009844,1.017054525149786e-6,3.461684955300883e-8,6.617444900424222e-24,0.0,1.000264870886511
137,0.003874598356831874,1.017309060808264e-6,3.487138521148684e-8,7.279189390466644e-23,0.0,1.000264463351918
138,0.0039028800966627634,1.0175635964667421e-6,3.512592086996484e-8,1.3896634290890865e-22,0.0,1.0002640470915827
139,0.003931161836493653,1.01781813212522e-6,3.538045652844285e-8,-6.617444900424222e-24,0.0,1.0002636222939714
140,0.003959443576324543,1.018072667783698e-6,3.5634992186920854e-8,5.955700410381799e-23,0.0,1.0002631891438858
141,0.003987725316155433,1.018327203442176e-6,3.588952784539886e-8,-8.602678370551488e-23,0.0,1.0002627478225603
142,0.004016007055986323,1.018581739100654e-6,3.6144063503876864e-8,-1.9852334701272664e-23,0.0,1.000262298507754
143,0.0040442887958172125,1.018836274759132e-6,3.639859916235487e-8,4.632211430296955e-23,0.0,1.0002618413738376
144,0.0040725705356481024,1.0190908104176101e-6,3.6653134820832875e-8,1.1249656330721176e-22,0.0,1.0002613765918744
145,0.004100852275478992,1.019345346076088e-6,3.690767047931088e-8,-3.3087224502121107e-23,0.0,1.0002609043296977
146,0.004129134015309882,1.0195998817345663e-6,3.7162206137788886e-8,2.448454613156962e-22,0.0,1.0002604247519833
147,0.004157415755140772,1.019854417393044e-6,3.741674179626689e-8,-1.1249656330721176e-22,0.0,1.0002599380203205
148,0.004185697494971662,1.020108953051522e-6,3.76712774547449e-8,-4.632211430296955e-23,0.0,1.0002594442932808
149,0.004213979234802552,1.02036348871e-6,3.79258131132229e-8,1.9852334701272664e-23,0.0,1.000258943726483
150,0.004242260974633442,1.0206180243684781e-6,3.818034877170091e-8,8.602678370551488e-23,0.0,1.0002584364726588
151,0.004270542714464332,1.0208725600269562e-6,3.843488443017891e-8,1.522012327097571e-22,0.0,1.0002579226817152
152,0.004298824454295222,1.021127095685434e-6,3.868942008865692e-8,6.617444900424222e-24,0.0,1.0002574025007978
153,0.004327106194126112,1.0213816313439122e-6,3.8943955747134924e-8,7.279189390466644e-23,0.0,1.0002568760743489
154,0.004355387933957002,1.02163616700239e-6,3.919849140561293e-8,-7.279189390466644e-23,0.0,1.0002563435441314
155,0.0043836696737878916,1.021890702660868e-6,3.9453027064090935e-8,-6.617444900424222e-24,0.0,1.0002558050493093
156,0.0044119514136187815,1.0221452383193462e-6,3.970756272256894e-8,5.955700410381799e-23,0.0,1.000255260726504
157,0.004440233153449671,1.0223997739778242e-6,3.9962098381046945e-8,1.257314531080602e-22,0.0,1.0002547107098565
158,0.004468514893280561,1.0226543096363023e-6,4.021663403952495e-8,1.9190590211230242e-22,0.0,1.000254155131088
159,0.004496796633111451,1.0229088452947802e-6,4.0471169698002956e-8,4.632211430296955e-23,0.0,1.0002535941195554
160,0.004525078372942341,1.0231633809532582e-6,4.072570535648096e-8,1.1249656330721176e-22,0.0,1.0002530278023072
161,0.004553360112773231,1.023417916611736e-6,4.098024101495897e-8,-3.3087224502121107e-23,0.0,1.0002524563041348
162,0.004581641852604121,1.0236724522702142e-6,4.123477667343697e-8,3.3087224502121107e-23,0.0,1.000251879747624
163,0.004609923592435011,1.0239269879286922e-6,4.148931233191498e-8,9.926167350636332e-23,0.0,1.000251298253203
164,0.004638205332265901,1.0241815235871703e-6,4.174384799039298e-8,1.6543612251060553e-22,0.0,1.00025071193919
165,0.004666487072096791,1.0244360592456482e-6,4.199838364887099e-8,1.9852334701272664e-23,0.0,1.0002501209218386
166,0.004694768811927681,1.0246905949041262e-6,4.2252919307348994e-8,8.602678370551488e-23,0.0,1.0002495253153836
167,0.004723050551758571,1.0249451305626043e-6,4.2507454965827e-8,1.522012327097571e-22,0.0,1.0002489252320768
168,0.0047513322915894605,1.0251996662210822e-6,4.2761990624305005e-8,6.617444900424222e-24,0.0,1.000248320782246
169,0.0047796140314203504,1.0254542018795602e-6,4.301652628278301e-8,7.279189390466644e-23,0.0,1.0002477120743374
170,0.00480789577125124,1.0257087375380383e-6,4.3271061941261015e-8,1.3896634290890865e-22,0.0,1.000247099214958
171,0.00483617751108213,1.0259632731965162e-6,4.352559759973902e-8,-6.617444900424222e-24,0.0,1.0002464823089166
172,0.00486445925091302,1.0262178088549945e-6,4.3780133258217026e-8,2.713152409173931e-22,0.0,1.0002458614592833
173,0.00489274099074391,1.026472344513472e-6,4.403466891669503e-8,-8.602678370551488e-23,0.0,1.0002452367675307
174,0.0049210227305748,1.0267268801719502e-6,4.428920457517304e-8,-1.9852334701272664e-23,0.0,1.0002446083363676
175,0.00494930447040569,1.0269814158304282e-6,4.454374023365104e-8,4.632211430296955e-23,0.0,1.0002439762634605
176,0.00497758621023658,1.0272359514889063e-6,4.479827589212905e-8,1.1249656330721176e-22,0.0,1.0002433406430462
177,0.00500586795006747,1.0274904871473844e-6,4.505281155060705e-8,1.7867101231145398e-22,0.0,1.0002427015669617
178,0.00503414968989836,1.0277450228058625e-6,4.530734720908506e-8,2.448454613156962e-22,0.0,1.0002420591252836
179,0.00506243142972925,1.02799955846434e-6,4.5561882867563064e-8,-1.1249656330721176e-22,0.0,1.0002414134067232
180,0.0050907131695601395,1.0282540941228182e-6,4.581641852604107e-8,-4.632211430296955e-23,1.35868052606e-313,1.0002407644987963
181,0.0051189949093910295,1.0285086297812962e-6,4.6070954184519075e-8,1.9852334701272664e-23,5.088876152165e-312,1.0002401124879425
182,0.005147276649221919,1.0287631654397743e-6,4.632548984299708e-8,8.602678370551488e-23,1.64647376476595e-310,1.0002394574595777
183,0.005175558389052809,1.0290177010982524e-6,4.6580025501475085e-8,1.522012327097571e-22,4.679789797408287e-309,1.000238799498104
184,0.005203840128883699,1.0292722367567303e-6,4.683456115995309e-8,6.617444900424222e-24,1.1845307850203677e-307,1.000238138686918
185,0.005232121868714589,1.0295267724152083e-6,4.7089096818431096e-8,7.279189390466644e-23,2.7011175323721216e-306,1.0002374751083838
186,0.005260403608545479,1.0297813080736862e-6,4.73436324769091e-8,-7.279189390466644e-23,5.602799164632817e-305,1.0002368088438043
187,0.005288685348376369,1.0300358437321643e-6,4.759816813538711e-8,-6.617444900424222e-24,1.0657922099314314e-303,1.000236139973393
188,0.005316967088207259,1.0302903793906423e-6,4.785270379386511e-8,5.955700410381799e-23,1.8723127656828423e-302,1.0002354685762502
189,0.005345248828038149,1.0305449150491204e-6,4.810723945234312e-8,1.257314531080602e-22,3.0559518738963763e-301,1.000234794730341
190,0.005373530567869039,1.0307994507075985e-6,4.836177511082112e-8,1.9190590211230242e-22,4.658734012604872e-300,1.0002341185124777
191,0.005401812307699929,1.0310539863660763e-6,4.861631076929913e-8,4.632211430296955e-23,6.664368230385388e-299,1.0002334399983066
192,0.005430094047530819,1.0313085220245544e-6,4.8870846427777134e-8,1.1249656330721176e-22,8.982699448407114e-298,1.0002327592622944
193,0.0054583757873617085,1.0315630576830325e-6,4.912538208625514e-8,1.7867101231145398e-22,1.1450000159311027e-296,1.0002320763777177
194,0.005486657527192598,1.0318175933415103e-6,4.9379917744733145e-8,3.3087224502121107e-23,1.3847917016721666e-295,1.0002313914166534
195,0.005514939267023488,1.0320721289999884e-6,4.963445340321115e-8,9.926167350636332e-23,1.5937949972845867e-294,1.0002307044499692
196,0.005543221006854378,1.0323266646584665e-6,4.9888989061689155e-8,1.6543612251060553e-22,1.7503164136982457e-293,1.000230015547311
197,0.005571502746685268,1.0325812003169443e-6,5.014352472016716e-8,1.9852334701272664e-23,1.8386457874318933e-292,1.0002293247770906
198,0.005599784486516158,1.0328357359754224e-6,5.0398060378645166e-8,8.602678370551488e-23,1.8515941423909182e-291,1.0002286322064688
199,0.005628066226347048,1.0330902716339003e-6,5.065259603712317e-8,-5.955700410381799e-23,1.7912130722894317e-290,1.0002279379013341
200,0.005656347966177938,1.0333448072923783e-6,5.090713169560118e-8,6.617444900424222e-24,1.6677004991123523e-289,1.000227241926275
201,0.005684629706008828,1.0335993429508564e-6,5.116166735407918e-8,7.279189390466644e-23,1.4969594441042487e-288,1.0002265443445437
202,0.005712911445839718,1.0338538786093345e-6,5.141620301255719e-8,1.3896634290890865e-22,1.2975319616191323e-287,1.0002258452180102
203,0.005741193185670608,1.0341084142678123e-6,5.167073867103519e-8,-6.617444900424222e-24,1.0876422175401675e-286,1.0002251446071002
204,0.005769474925501498,1.0343629499262904e-6,5.19252743295132e-8,5.955700410381799e-23,8.829011616624509e-286,1.0002244425707139
205,0.0057977566653323875,1.0346174855847685e-6,5.2179809987991204e-8,1.257314531080602e-22,6.949489205686257e-285,1.000223739166118
206,0.0058260384051632775,1.0348720212432463e-6,5.243434564646921e-8,-1.9852334701272664e-23,5.310406109785117e-284,1.000223034448799
207,0.005854320144994167,1.0351265569017244e-6,5.2688881304947215e-8,4.632211430296955e-23,3.9438639593591935e-283,1.0002223284722631
208,0.005882601884825057,1.0353810925602025e-6,5.294341696342522e-8,1.1249656330721176e-22,2.8496385106802925e-282,1.0002216212877542
209,0.005910883624655947,1.0356356282186803e-6,5.3197952621903226e-8,-3.3087224502121107e-23,2.0051981117012506e-281,1.0002209129438455
210,0.005939165364486837,1.0358901638771584e-6,5.345248828038123e-8,3.3087224502121107e-23,1.3753858980766202e-280,1.0002202034858283
211,0.005967447104317727,1.0361446995356365e-6,5.3707023938859236e-8,9.926167350636332e-23,9.203815427688759e-280,1.0002194929547454
212,0.005995728844148617,1.0363992351941143e-6,5.396155959733724e-8,-4.632211430296955e-23,6.013698655811007e-279,1.000218781385757
213,0.006024010583979507,1.0366537708525924e-6,5.421609525581525e-8,1.9852334701272664e-23,3.839547153509837e-278,1.0002180688050883
214,0.006052292323810397,1.0369083065110705e-6,5.447063091429325e-8,8.602678370551488e-23,2.397167558713911e-277,1.000217355223366
215,0.006080574063641287,1.0371628421695486e-6,5.472516657277126e-8,1.522012327097571e-22,1.4645188365200931e-276,1.0002166406161959
216,0.006108855803472177,1.0374173778280266e-6,5.497970223124926e-8,2.183756817139993e-22,8.760961751147216e-276,1.000215924779614
217,0.006137137543303067,1.0376719134865045e-6,5.523423788972727e-8,7.279189390466644e-23,5.134947220250478e-275,1.0002152064677334
218,0.0061654192831339565,1.0379264491449826e-6,5.5488773548205274e-8,1.3896634290890865e-22,2.95053501741091e-274,1.0002144861953488
219,0.006193701022964846,1.0381809848034604e-6,5.574330920668328e-8,-6.617444900424222e-24,1.6629775692910323e-273,1.0002137643640516
220,0.006221982762795736,1.0384355204619385e-6,5.5997844865161285e-8,5.955700410381799e-23,9.198583743630136e-273,1.000213041290507
221,0.006250264502626626,1.0386900561204166e-6,5.625238052363929e-8,1.257314531080602e-22,4.995987086164988e-272,1.0002123172275943
222,0.006278546242457516,1.0389445917788946e-6,5.6506916182117296e-8,1.9190590211230242e-22,2.665591721092262e-271,1.0002115923802481
223,0.006306827982288406,1.0391991274373725e-6,5.67614518405953e-8,4.632211430296955e-23,1.3977652459796074e-270,1.0002108669173102
224,0.006335109722119296,1.0394536630958506e-6,5.7015987499073306e-8,1.1249656330721176e-22,7.206595305208622e-270,1.000210140980385
225,0.006363391461950186,1.0397081987543284e-6,5.727052315755131e-8,-3.3087224502121107e-23,3.654766288974662e-269,1.0002094146904557
226,0.006391673201781076,1.0399627344128065e-6,5.752505881602932e-8,3.3087224502121107e-23,1.8238653721009558e-268,1.0002086881528467
227,0.006419954941611966,1.0402172700712846e-6,5.777959447450732e-8,9.926167350636332e-23,8.959671189106259e-268,1.000207961460891
228,0.006448236681442856,1.0404718057297626e-6,5.803413013298533e-8,1.6543612251060553e-22,4.334237616359101e-267,1.0002072346986615
229,0.006476518421273746,1.0407263413882405e-6,5.8288665791463333e-8,1.9852334701272664e-23,2.065395209315002e-266,1.0002065079430016
230,0.0065048001611046355,1.0409808770467186e-6,5.854320144994134e-8,8.602678370551488e-23,9.6985208509107e-266,1.0002057812650345
231,0.0065330819009355254,1.0412354127051964e-6,5.8797737108419344e-8,-5.955700410381799e-23,4.489064414524583e-265,1.0002050547312842
232,0.006561363640766415,1.0414899483636745e-6,5.905227276689735e-8,6.617444900424222e-24,2.0487296197976045e-264,1.0002043284045101
233,0.006589645380597305,1.0417444840221526e-6,5.9306808425375355e-8,7.279189390466644e-23,9.221830255174198e-264,1.0002036023443268
234,0.006617927120428195,1.0419990196806307e-6,5.956134408385336e-8,1.3896634290890865e-22,4.095184659718089e-263,1.000202876607668
235,0.006646208860259085,1.0422535553391087e-6,5.981587974233137e-8,1.9852334701272664e-22,1.7946067028320502e-262,1.0002021512491348
236,0.006674490600089975,1.0425080909975866e-6,6.007041540080938e-8,5.293955920339377e-23,7.762750939656702e-262,1.0002014263212582
237,0.006702772339920865,1.0427626266560647e-6,6.032495105928738e-8,1.1911400820763599e-22,3.3152752433441885e-261,1.0002007018747008
238,0.006731054079751755,1.0430171623145425e-6,6.057948671776539e-8,-2.6469779601696886e-23,1.3982479842671476e-260,1.0001999779584123
239,0.006759335819582645,1.0432716979730206e-6,6.08340223762434e-8,3.970466940254533e-23,5.825174218168263e-260,1.0001992546197538
240,0.006787617559413535,1.0435262336314987e-6,6.10885580347214e-8,1.0587911840678754e-22,2.3976716957107734e-259,1.0001985319045963
241,0.006815899299244425,1.0437807692899767e-6,6.13430936931994e-8,1.7205356741102976e-22,9.75257534187621e-259,1.0001978098574036
242,0.0068441810390753146,1.0440353049484548e-6,6.159762935167741e-8,2.3822801641527197e-22,3.9209143891084184e-258,1.0001970885213027
243,0.0068724627789062045,1.0442898406069327e-6,6.185216501015542e-8,9.26442286059391e-23,1.5584059814650766e-257,1.0001963679381438
244,0.006900744518737094,1.0445443762654105e-6,6.210670066863342e-8,-5.293955920339377e-23,6.124675357314014e-257,1.0001956481485557
245,0.006929026258567984,1.0447989119238886e-6,6.236123632711143e-8,1.3234889800848443e-23,2.3805439279618498e-256,1.0001949291919945
246,0.006957307998398874,1.0450534475823667e-6,6.261577198558943e-8,7.940933880509066e-23,9.152484136163479e-256,1.00019421110679
247,0.006985589738229764,1.0453079832408445e-6,6.287030764406744e-8,-6.617444900424221e-23,3.4813534703777457e-255,1.0001934939301884
248,0.007013871478060654,1.0455625188993226e-6,6.312484330254544e-8,0.0,1.3103222480117601e-254,1.0001927776983914
249,0.007042153217891544,1.0458170545578007e-6,6.337937896102345e-8,6.617444900424221e-23,4.880916819591811e-254,1.000192062446594
250,0.007070434957722434,1.0460715902162787e-6,6.363391461950145e-8,1.3234889800848443e-22,1.7996517377688982e-253,1.0001913482090226
251,0.007098716697553324,1.0463261258747566e-6,6.388845027797946e-8,-1.3234889800848443e-23,6.569130913775869e-253,1.0001906350189727
252,0.007126998437384214,1.0465806615332347e-6,6.414298593645746e-8,5.293955920339377e-23,2.3742507606912943e-252,1.0001899229088458
253,0.007155280177215104,1.0468351971917127e-6,6.439752159493547e-8,1.1911400820763599e-22,8.497861134150353e-252,1.0001892119101845
254,0.007183561917045994,1.0470897328501908e-6,6.465205725341347e-8,1.852884572118782e-22,3.0124551885953013e-251,1.000188502053705
255,0.0072118436568768835,1.0473442685086687e-6,6.490659291189148e-8,3.970466940254533e-23,1.0578436804638823e-250,1.0001877933693286
256,0.0072401253967077734,1.0475988041671465e-6,6.516112857036949e-8,-1.0587911840678754e-22,3.680212378703335e-250,1.000187085886212
257,0.007268407136538663,1.0478533398256248e-6,6.541566422884749e-8,1.7205356741102976e-22,1.2686268632381147e-249,1.000186379632776
258,0.007296688876369553,1.0481078754841029e-6,6.56701998873255e-8,2.3822801641527197e-22,4.333735196232687e-249,1.0001856746367312
259,0.007324970616200443,1.0483624111425807e-6,6.59247355458035e-8,9.26442286059391e-23,1.4672861257943427e-248,1.0001849709251063
260,0.007353252356031333,1.0486169468010588e-6,6.617927120428151e-8,1.5881867761018131e-22,4.9243228204102036e-248,1.0001842685242712
261,0.007381534095862223,1.0488714824595367e-6,6.643380686275951e-8,1.3234889800848443e-23,1.6383685177947852e-247,1.0001835674599624
262,0.007409815835693113,1.0491260181180148e-6,6.668834252123752e-8,7.940933880509066e-23,5.404593244369767e-247,1.0001828677573048
263,0.007438097575524003,1.0493805537764926e-6,6.694287817971552e-8,-6.617444900424221e-23,1.7678794437703337e-246,1.0001821694408353
264,0.007466379315354893,1.0496350894349707e-6,6.719741383819353e-8,0.0,5.734971999444106e-246,1.0001814725345228
265,0.007494661055185783,1.0498896250934488e-6,6.745194949667153e-8,6.617444900424221e-23,1.8452226250527668e-245,1.0001807770617883
266,0.007522942795016673,1.0501441607519268e-6,6.770648515514954e-8,1.3234889800848443e-22,5.889166804951466e-245,1.0001800830455259
267,0.0075512245348475626,1.050398696410405e-6,6.796102081362754e-8,1.9852334701272664e-22,1.8646374451129445e-244,1.0001793905081193
268,0.0075795062746784525,1.050653232068883e-6,6.821555647210555e-8,2.6469779601696886e-22,5.8575678727210574e-244,1.000178699471461
269,0.007607788014509342,1.0509077677273606e-6,6.847009213058356e-8,-9.26442286059391e-23,1.8258650010304516e-243,1.0001780099569684
270,0.007636069754340232,1.051162303385839e-6,6.872462778906156e-8,1.852884572118782e-22,5.647985307024357e-243,1.0001773219856
271,0.007664351494171122,1.0514168390443168e-6,6.897916344753957e-8,3.970466940254533e-23,1.733949006002476e-242,1.0001766355778718
272,0.007692633234002012,1.0516713747027948e-6,6.923369910601757e-8,1.0587911840678754e-22,5.2837278465189095e-242,1.0001759507538701
273,0.007720914973832902,1.051925910361273e-6,6.948823476449558e-8,1.7205356741102976e-22,1.5982643173995216e-241,1.0001752675332676
274,0.007749196713663792,1.0521804460197508e-6,6.974277042297358e-8,2.6469779601696886e-23,4.7995743462627476e-241,1.0001745859353226
275,0.007777478453494682,1.0524349816782288e-6,6.999730608145159e-8,9.26442286059391e-23,1.431014233632763e-240,1.0001739059788963
276,0.007805760193325572,1.052689517336707e-6,7.025184173992959e-8,1.5881867761018131e-22,4.236553647182255e-240,1.000173227682469
277,0.007834041933156462,1.0529440529951848e-6,7.05063773984076e-8,1.3234889800848443e-23,1.2455142192631343e-239,1.0001725510641541
278,0.00786232367298735,1.0531985886536628e-6,7.07609130568856e-8,7.940933880509066e-23,3.6365610839215054e-239,1.0001718761417118
279,0.00789060541281824,1.053453124312141e-6,7.101544871536361e-8,1.4558378780933287e-22,1.054575334303943e-238,1.0001712029325611
280,0.007918887152649129,1.053707659970619e-6,7.126998437384161e-8,2.117582368135751e-22,3.037711292367229e-238,1.0001705314537919
281,0.007947168892480018,1.053962195629097e-6,7.152452003231962e-8,2.779326858178173e-22,8.692296450066564e-238,1.0001698617221755
282,0.007975450632310907,1.0542167312875751e-6,7.177905569079763e-8,3.441071348220595e-22,2.471030205365054e-237,1.000169193754176
283,0.008003732372141796,1.0544712669460528e-6,7.203359134927563e-8,-1.3234889800848443e-23,6.979314785798028e-237,1.000168527565959
284,0.008032014111972685,1.0547258026045308e-6,7.228812700775364e-8,5.293955920339377e-23,1.9587266430609778e-236,1.000167863173404
285,0.008060295851803574,1.054980338263009e-6,7.254266266623164e-8,1.1911400820763599e-22,5.462553333983076e-236,1.0001672005921105
286,0.008088577591634463,1.0552348739214868e-6,7.279719832470965e-8,-2.6469779601696886e-23,1.513952610145321e-235,1.0001665398374102
287,0.008116859331465352,1.0554894095799648e-6,7.305173398318765e-8,3.970466940254533e-23,4.170200567996643e-235,1.0001658809243748
288,0.008145141071296241,1.055743945238443e-6,7.330626964166566e-8,1.0587911840678754e-22,1.1417274741703289e-234,1.0001652238678254
289,0.00817342281112713,1.055998480896921e-6,7.356080530014366e-8,1.7205356741102976e-22,3.1071414863280725e-234,1.0001645686823417
290,0.00820170455095802,1.0562530165553988e-6,7.381534095862167e-8,2.6469779601696886e-23,8.405902648366934e-234,1.0001639153822706
291,0.008229986290788908,1.056507552213877e-6,7.406987661709967e-8,9.26442286059391e-23,2.2608074634057504e-233,1.0001632639817353
292,0.008258268030619798,1.056762087872355e-6,7.432441227557768e-8,1.5881867761018131e-22,6.045459576101908e-233,1.0001626144946447
293,0.008286549770450687,1.057016623530833e-6,7.457894793405568e-8,2.2499312661442353e-22,1.6073546049786428e-232,1.0001619669347024
294,0.008314831510281576,1.057271159189311e-6,7.483348359253369e-8,7.940933880509066e-23,4.249524327855474e-232,1.0001613213154155
295,0.008343113250112465,1.0575256948477888e-6,7.50880192510117e-8,-6.617444900424221e-23,1.1172344041103467e-231,1.0001606776501046
296,0.008371394989943354,1.0577802305062669e-6,7.53425549094897e-8,0.0,2.9211393386251124e-231,1.0001600359519136
297,0.008399676729774243,1.058034766164745e-6,7.55970905679677e-8,6.617444900424221e-23,7.596130069843231e-231,1.0001593962338189
298,0.008427958469605132,1.058289301823223e-6,7.585162622644571e-8,1.3234889800848443e-22,1.9646823634285968e-230,1.0001587585086331
299,0.008456240209436021,1.058543837481701e-6,7.610616188492372e-8,1.9852334701272664e-22,5.054513535544443e-230,1.000158122789021
300,0.00848452194926691,1.058798373140179e-6,7.636069754340172e-8,5.293955920339377e-23,1.2935410696491627e-229,1.0001574890875162
301,0.008512803689097799,1.059052908798657e-6,7.661523320187973e-8,1.1911400820763599e-22,3.293223875297446e-229,1.0001568574165298
302,0.008541085428928688,1.0593074444571349e-6,7.686976886035773e-8,-2.6469779601696886e-23,8.341196696255312e-229,1.0001562277883655
303,0.008569367168759577,1.059561980115613e-6,7.712430451883574e-8,3.970466940254533e-23,2.1019724262261158e-228,1.000155600215224
304,0.008597648908590466,1.059816515774091e-6,7.737884017731374e-8,1.0587911840678754e-22,5.270384035836189e-228,1.0001549747092167
305,0.008625930648421355,1.060071051432569e-6,7.763337583579175e-8,1.7205356741102976e-22,1.3149182160216256e-227,1.0001543512823798
306,0.008654212388252244,1.0603255870910471e-6,7.788791149426975e-8,2.3822801641527197e-22,3.264530160308372e-227,1.0001537299466907
307,0.008682494128083133,1.0605801227495248e-6,7.814244715274776e-8,-1.1911400820763599e-22,8.065511680210065e-227,1.0001531107140826
308,0.008710775867914022,1.0608346584080029e-6,7.839698281122577e-8,-5.293955920339377e-23,1.9831515292657315e-226,1.000152493596461
309,0.008739057607744911,1.061089194066481e-6,7.865151846970377e-8,1.3234889800848443e-23,4.853060036469356e-226,1.00015187860572
310,0.0087673393475758,1.061343729724959e-6,7.890605412818178e-8,7.940933880509066e-23,1.1820446847299042e-225,1.0001512657537608
311,0.00879562108740669,1.061598265383437e-6,7.916058978665978e-8,1.4558378780933287e-22,2.8657143224091566e-225,1.00015065505251
312,0.008823902827237579,1.0618528010419152e-6,7.941512544513779e-8,2.117582368135751e-22,6.915675406073621e-225,1.0001500465139397
313,0.008852184567068468,1.0621073367003932e-6,7.966966110361579e-8,2.779326858178173e-22,1.6613479246753765e-224,1.0001494401500888
314,0.008880466306899357,1.062361872358871e-6,7.99241967620938e-8,1.3234889800848443e-22,3.9731237872289864e-224,1.0001488359730766
315,0.008908748046730246,1.062616408017349e-6,8.01787324205718e-8,-1.3234889800848443e-23,9.459539350607212e-224,1.00014823399513
316,0.008937029786561135,1.062870943675827e-6,8.043326807904981e-8,5.293955920339377e-23,2.2423056263611e-223,1.0001476342286133
317,0.008965311526392024,1.063125479334305e-6,8.068780373752781e-8,1.1911400820763599e-22,5.292084309078931e-223,1.0001470366860594
318,0.008993593266222913,1.0633800149927832e-6,8.094233939600582e-8,1.852884572118782e-22,1.243614294218954e-222,1.0001464413802033
319,0.009021875006053802,1.063634550651261e-6,8.119687505448382e-8,3.970466940254533e-23,2.90998807998004e-222,1.0001458483240153
320,0.009050156745884691,1.063889086309739e-6,8.145141071296183e-8,1.0587911840678754e-22,6.780512211335377e-222,1.0001452575307417
321,0.00907843848571558,1.0641436219682172e-6,8.170594637143984e-8,1.7205356741102976e-22,1.5733252214124404e-221,1.0001446690139442
322,0.009106720225546469,1.064398157626695e-6,8.196048202991784e-8,2.6469779601696886e-23,3.635614554107103e-221,1.0001440827875463
323,0.009135001965377358,1.064652693285173e-6,8.221501768839585e-8,9.26442286059391e-23,8.366788762601081e-221,1.0001434988658826
324,0.009163283705208247,1.0649072289436512e-6,8.246955334687385e-8,1.5881867761018131e-22,1.9176945748409115e-220,1.0001429172637522
325,0.009191565445039136,1.0651617646021292e-6,8.272408900535186e-8,2.2499312661442353e-22,4.377815668204485e-220,1.00014233799648
326,0.009219847184870025,1.0654163002606073e-6,8.297862466382986e-8,2.9116757561866574e-22,9.954291350136362e-220,1.0001417610799823
327,0.009248128924700914,1.0656708359190852e-6,8.323316032230787e-8,1.4558378780933287e-22,2.2545259553513613e-219,1.0001411865308414
328,0.009276410664531803,1.065925371577563e-6,8.348769598078587e-8,0.0,5.086382812303607e-219,1.0001406143663878
329,0.009304692404362692,1.066179907236041e-6,8.374223163926388e-8,6.617444900424221e-23,1.1431109560784528e-218,1.0001400446047932
330,0.009332974144193582,1.0664344428945192e-6,8.399676729774188e-8,1.3234889800848443e-22,2.559231886236761e-218,1.000139477265175
331,0.00936125588402447,1.0666889785529972e-6,8.425130295621989e-8,1.9852334701272664e-22,5.708064919026599e-218,1.0001389123677134
332,0.00938953762385536,1.066943514211475e-6,8.45058386146979e-8,5.293955920339377e-23,1.2683585464732296e-217,1.000138349933787
333,0.009417819363686249,1.0671980498699534e-6,8.47603742731759e-8,3.3087224502121107e-22,2.807919501243745e-217,1.0001377899861263
334,0.009446101103517138,1.067452585528431e-6,8.50149099316539e-8,-2.6469779601696886e-23,6.193442481392507e-217,1.0001372325489906
335,0.009474382843348027,1.067707121186909e-6,8.526944559013191e-8,3.970466940254533e-23,1.3611297695224552e-216,1.0001366776483753
336,0.009502664583178916,1.0679616568453874e-6,8.552398124860992e-8,3.1763735522036263e-22,2.980587102365766e-216,1.000136125312256
337,0.009530946323009805,1.0682161925038652e-6,8.577851690708792e-8,1.7205356741102976e-22,6.503597093705928e-216,1.0001355755708814
338,0.009559228062840694,1.0684707281623433e-6,8.603305256556593e-8,2.3822801641527197e-22,1.414065100411174e-215,1.000135028457137
339,0.009587509802671583,1.0687252638208214e-6,8.628758822404393e-8,3.044024654195142e-22,3.0638208312084433e-215,1.0001344840070272
340,0.009615791542502472,1.0689797994792993e-6,8.654212388252194e-8,1.5881867761018131e-22,6.615299566831992e-215,1.0001339422604112
341,0.009644073282333361,1.0692343351377771e-6,8.679665954099994e-8,1.3234889800848443e-23,1.4234481441702084e-214,1.00013340326301
342,0.00967235502216425,1.0694888707962552e-6,8.705119519947795e-8,7.940933880509066e-23,3.052483725228487e-214,1.0001328670819496
343,0.00970063676199514,1.0697434064547333e-6,8.730573085795595e-8,1.4558378780933287e-22,6.523760672750176e-214,1.0001323337783454
344,0.009728918501826028,1.0699979421132113e-6,8.756026651643396e-8,2.117582368135751e-22,1.389596869867878e-213,1.0001318034119824
345,0.009757200241656917,1.0702524777716894e-6,8.781480217491197e-8,2.779326858178173e-22,2.9501138081359894e-213,1.0001312760448833
346,0.009785481981487806,1.070507013430167e-6,8.806933783338997e-8,-7.940933880509066e-23,6.242530205356333e-213,1.0001307517442122
347,0.009813763721318695,1.0707615490886451e-6,8.832387349186798e-8,-1.3234889800848443e-23,1.316640136215501e-212,1.000130230584852
348,0.009842045461149584,1.0710160847471232e-6,8.857840915034598e-8,5.293955920339377e-23,2.7680282415355824e-212,1.000129712651925
349,0.009870327200980474,1.0712706204056013e-6,8.883294480882399e-8,1.1911400820763599e-22,5.80073717536031e-212,1.000129198043523
350,0.009898608940811363,1.0715251560640793e-6,8.908748046730199e-8,1.852884572118782e-22,1.2117615992117514e-211,1.0001286868738941
351,0.009926890680642252,1.0717796917225572e-6,8.934201612578e-8,3.970466940254533e-23,2.5233902288271548e-211,1.000128179277409
352,0.00995517242047314,1.0720342273810355e-6,8.9596551784258e-8,3.1763735522036263e-22,5.238375472852787e-211,1.0001276754136905
353,0.00998345416030403,1.0722887630395133e-6,8.985108744273601e-8,1.7205356741102976e-22,1.084090114599243e-210,1.0001271754745078
354,0.010011735900134919,1.0725432986979912e-6,9.010562310121401e-8,2.6469779601696886e-23,2.2366710316241484e-210,1.0001266796933523
355,0.010040017639965808,1.0727978343564693e-6,9.036015875969202e-8,9.26442286059391e-23,4.600638068361572e-210,1.000126188359194
356,0.010068299379796697,1.0730523700149473e-6,9.061469441817002e-8,1.5881867761018131e-22,9.434618751572006e-210,1.0001257018370067
357,0.010096581119627586,1.0733069056734254e-6,9.086923007664803e-8,2.2499312661442353e-22,1.9289986555590504e-209,1.0001252205998281
358,0.010124862859458475,1.0735614413319035e-6,9.112376573512604e-8,2.9116757561866574e-22,3.932344718180072e-209,1.0001247452818254
359,0.010153144599289364,1.0738159769903813e-6,9.137830139360404e-8,1.4558378780933287e-22,7.99270870529354e-209,1.000124276773106
360,0.010181426339120253,1.0740705126488594e-6,9.163283705208205e-8,2.117582368135751e-22,1.6198307955671076e-208,1.0001238164082529
361,0.010209708078951142,1.0743250483073375e-6,9.188737271056005e-8,2.779326858178173e-22,3.2733237143286795e-208,1.0001233664072784
362,0.010237989818782031,1.0745795839658153e-6,9.214190836903806e-8,1.3234889800848443e-22,6.5957189551836464e-208,1.000122931249217
363,0.01026627155861292,1.0748341196242934e-6,9.239644402751606e-8,1.9852334701272664e-22,1.325254576899793e-207,1.0001225271948373
364,0.01029455329844381,1.0750886552827713e-6,9.265097968599407e-8,5.293955920339377e-23,2.655280730097099e-207,1.0001221281715549
365,0.010322835038274698,1.0753431909412496e-6,9.290551534447207e-8,3.3087224502121107e-22,5.305244214230767e-207,1.0001218873455933
366,0.010351116778105587,1.0755977265997274e-6,9.316005100295008e-8,1.852884572118782e-22,1.0570458901690007e-206,1.0001216322880526
367,0.010379398517936476,1.0758522622582055e-6,9.341458666142808e-8,2.514629062161204e-22,2.1003197860395072e-206,1.0001213644136382
368,0.010407680257767365,1.0761067979166836e-6,9.366912231990609e-8,3.1763735522036263e-22,4.161880429857312e-206,1.000121084957256
369,0.010435961997598255,1.0763613335751614e-6,9.39236579783841e-8,1.7205356741102976e-22,8.224617731049111e-206,1.0001207950025883
370,0.010464243737429144,1.0766158692336395e-6,9.41781936368621e-8,2.3822801641527197e-22,1.620962728819491e-205,1.000120495505487
371,0.010492525477260033,1.0768704048921176e-6,9.44327292953401e-8,3.044024654195142e-22,3.1861824650678063e-205,1.0001201873132097
372,0.010520807217090922,1.0771249405505954e-6,9.468726495381811e-8,1.5881867761018131e-22,6.246224263097708e-205,1.0001198711803054
373,0.01054908895692181,1.0773794762090733e-6,9.494180061229612e-8,1.3234889800848443e-23,1.221301011715336e-204,1.000119547781791
374,0.0105773706967527,1.0776340118675514e-6,9.519633627077412e-8,7.940933880509066e-23,2.3817428181209117e-204,1.000119217724125
375,0.010605652436583589,1.0778885475260294e-6,9.545087192925213e-8,1.4558378780933287e-22,4.6327908910170565e-204,1.0001188815543847
376,0.010633934176414478,1.0781430831845075e-6,9.570540758773013e-8,2.117582368135751e-22,8.988242801681105e-204,1.0001185397679777
377,0.010662215916245367,1.0783976188429854e-6,9.595994324620814e-8,6.617444900424221e-23,1.7394006644807535e-203,1.0001181928151686
378,0.010690497656076256,1.0786521545014634e-6,9.621447890468614e-8,1.3234889800848443e-22,3.3575738928208763e-203,1.0001178411066047
379,0.010718779395907145,1.0789066901599415e-6,9.646901456316415e-8,1.9852334701272664e-22,6.464886612563996e-203,1.000117485018017
380,0.010747061135738034,1.0791612258184196e-6,9.672355022164215e-8,2.6469779601696886e-22,1.2416917797814794e-202,1.0001171248942378
381,0.010775342875568923,1.0794157614768974e-6,9.697808588012016e-8,1.1911400820763599e-22,2.3789884865793475e-202,1.0001167610526482
382,0.010803624615399812,1.0796702971353755e-6,9.723262153859816e-8,1.852884572118782e-22,4.54678584843607e-202,1.0001163937861461
383,0.010831906355230701,1.0799248327938536e-6,9.748715719707617e-8,2.514629062161204e-22,8.668783884133156e-202,1.000116023365715
384,0.01086018809506159,1.0801793684523314e-6,9.774169285555418e-8,1.0587911840678754e-22,1.6487741489067383e-201,1.0001156500426505
385,0.01088846983489248,1.0804339041108093e-6,9.799622851403218e-8,-3.970466940254533e-23,3.1283921719701552e-201,1.0001152740505028
386,0.010916751574723368,1.0806884397692874e-6,9.825076417251019e-8,2.6469779601696886e-23,5.9216926200708216e-201,1.0001148956067747
387,0.010945033314554257,1.0809429754277654e-6,9.850529983098819e-8,9.26442286059391e-23,1.1182598031585874e-200,1.0001145149144164
388,0.010973315054385147,1.0811975110862435e-6,9.87598354894662e-8,1.5881867761018131e-22,2.1067800631954836e-200,1.0001141321631364
389,0.011001596794216036,1.0814520467447216e-6,9.90143711479442e-8,2.2499312661442353e-22,3.959885990960256e-200,1.0001137475305637
390,0.011029878534046925,1.0817065824031997e-6,9.926890680642221e-8,2.9116757561866574e-22,7.425752030208859e-200,1.000113361183276
391,0.011058160273877814,1.0819611180616775e-6,9.952344246490021e-8,1.4558378780933287e-22,1.3893116590374952e-199,1.0001129732777039
392,0.011086442013708703,1.0822156537201556e-6,9.977797812337822e-8,2.117582368135751e-22,2.593388103704341e-199,1.0001125839609442
393,0.011114723753539592,1.0824701893786334e-6,1.0003251378185622e-7,6.617444900424221e-23,4.830042859107312e-199,1.0001121933714892
394,0.01114300549337048,1.0827247250371115e-6,1.0028704944033423e-7,1.3234889800848443e-22,8.97546695616167e-199,1.0001118016398804
395,0.01117128723320137,1.0829792606955896e-6,1.0054158509881223e-7,1.9852334701272664e-22,1.6641505119340454e-198,1.0001114088892882
396,0.011199568973032259,1.0832337963540674e-6,1.0079612075729024e-7,5.293955920339377e-23,3.0786792550660086e-198,1.000111015236035
397,0.011227850712863148,1.0834883320125455e-6,1.0105065641576825e-7,1.1911400820763599e-22,5.683021697500329e-198,1.0001106207900872
398,0.011256132452694037,1.0837428676710238e-6,1.0130519207424625e-7,3.970466940254533e-22,1.046752171999388e-197,1.000110225655492
399,0.011284414192524926,1.0839974033295017e-6,1.0155972773272426e-7,2.514629062161204e-22,1.923821189778176e-197,1.0001098299307831
400,0.011312695932355815,1.0842519389879795e-6,1.0181426339120226e-7,1.0587911840678754e-22,3.528160484199338e-197,1.0001094337093532
401,0.011340977672186704,1.0845064746464576e-6,1.0206879904968027e-7,1.7205356741102976e-22,6.456560145954079e-197,1.000109037079783
402,0.011369259412017593,1.0847610103049357e-6,1.0232333470815827e-7,2.3822801641527197e-22,1.1790431270046917e-196,1.000108640126122
403,0.011397541151848482,1.0850155459634135e-6,1.0257787036663628e-7,9.26442286059391e-23,2.148523517419313e-196,1.000108242928164
404,0.011425822891679371,1.0852700816218916e-6,1.0283240602511428e-7,1.5881867761018131e-22,3.906957677335998e-196,1.0001078455616992
405,0.01145410463151026,1.0855246172803697e-6,1.0308694168359229e-7,2.2499312661442353e-22,7.089761945767795e-196,1.00010744809875
406,0.01148238637134115,1.0857791529388475e-6,1.033414773420703e-7,7.940933880509066e-23,1.283881860745675e-195,1.0001070506077938
407,0.011510668111172039,1.0860336885973256e-6,1.035960130005483e-7,1.4558378780933287e-22,2.320197660847945e-195,1.0001066531539669
408,0.011538949851002928,1.0862882242558035e-6,1.038505486590263e-7,0.0,4.1844405571816825e-195,1.0001062557992546
409,0.011567231590833817,1.0865427599142815e-6,1.0410508431750431e-7,6.617444900424221e-23,7.53127039212743e-195,1.000105858602665
410,0.011595513330664706,1.0867972955727596e-6,1.0435961997598232e-7,1.3234889800848443e-22,1.3527681144227388e-194,1.0001054616203913
411,0.011623795070495595,1.0870518312312377e-6,1.0461415563446032e-7,1.9852334701272664e-22,2.4249822136399917e-194,1.0001050649059626
412,0.011652076810326484,1.0873063668897155e-6,1.0486869129293833e-7,5.293955920339377e-23,4.338399885018194e-194,1.000104668510385
413,0.011680358550157373,1.0875609025481936e-6,1.0512322695141633e-7,1.1911400820763599e-22,7.746260681229619e-194,1.0001042724822717
414,0.011708640289988262,1.0878154382066717e-6,1.0537776260989434e-7,1.852884572118782e-22,1.3803898804937462e-193,1.0001038768679682
415,0.011736922029819151,1.0880699738651497e-6,1.0563229826837234e-7,2.514629062161204e-22,2.4550713862107583e-193,1.000103481711664
416,0.01176520376965004,1.0883245095236278e-6,1.0588683392685035e-7,3.1763735522036263e-22,4.357974587615705e-193,1.0001030870556356
417,0.011793485509480929,1.0885790451821059e-6,1.0614136958532835e-7,3.8381180422460484e-22,7.720917823874236e-193,1.000102692940254
418,0.011821767249311818,1.0888335808405838e-6,1.0639590524380636e-7,2.3822801641527197e-22,1.3652815999811156e-192,1.0001022994040247
419,0.011850048989142707,1.0890881164990616e-6,1.0665044090228436e-7,9.26442286059391e-23,2.4096277922202518e-192,1.0001019064836447
420,0.011878330728973596,1.0893426521575397e-6,1.0690497656076237e-7,1.5881867761018131e-22,4.244801688771602e-192,1.0001015142140697
421,0.011906612468804485,1.0895971878160178e-6,1.0715951221924037e-7,2.2499312661442353e-22,7.46362493156417e-192,1.000101122628588
422,0.011934894208635374,1.0898517234744958e-6,1.0741404787771838e-7,2.9116757561866574e-22,1.3098825618638705e-191,1.0001007317588975
423,0.011963175948466263,1.090106259132974e-6,1.0766858353619639e-7,3.5734202462290796e-22,2.2946170127279912e-191,1.0001003416351797
424,0.011991457688297152,1.0903607947914515e-6,1.0792311919467439e-7,0.0,4.012254248103337e-191,1.0000999522861744
425,0.012019739428128041,1.0906153304499296e-6,1.081776548531524e-7,6.617444900424221e-23,7.002806293440308e-191,1.0000995637392496
426,0.01204802116795893,1.0908698661084077e-6,1.084321905116304e-7,1.3234889800848443e-22,1.220017915821642e-190,1.0000991760204687
427,0.01207630290778982,1.0911244017668858e-6,1.0868672617010841e-7,1.9852334701272664e-22,2.1216594614259044e-190,1.000098789154654
428,0.012104584647620709,1.0913789374253638e-6,1.0894126182858641e-7,2.6469779601696886e-22,3.683031429995032e-190,1.0000984031654452
429,0.012132866387451598,1.091633473083842e-6,1.0919579748706442e-7,3.3087224502121107e-22,6.382051485640158e-190,1.000098018075357
430,0.012161148127282487,1.09188800874232e-6,1.0945033314554242e-7,3.970466940254533e-22,1.1039391197676674e-189,1.0000976339058296
431,0.012189429867113376,1.0921425444007976e-6,1.0970486880402043e-7,3.970466940254533e-23,1.906183256121574e-189,1.0000972506772787
432,0.012217711606944265,1.0923970800592757e-6,1.0995940446249843e-7,1.0587911840678754e-22,3.285667448966694e-189,1.0000968684091405
433,0.012245993346775154,1.0926516157177538e-6,1.1021394012097644e-7,1.7205356741102976e-22,5.653620665852167e-189,1.000096487119915
434,0.012274275086606043,1.0929061513762318e-6,1.1046847577945444e-7,2.3822801641527197e-22,9.711324521735964e-189,1.000096106827206
435,0.012302556826436932,1.09316068703471e-6,1.1072301143793245e-7,3.044024654195142e-22,1.6652659503099742e-188,1.0000957275477602
436,0.012330838566267821,1.0934152226931878e-6,1.1097754709641046e-7,1.5881867761018131e-22,2.85066787995001e-188,1.0000953492975015
437,0.01235912030609871,1.0936697583516658e-6,1.1123208275488846e-7,2.2499312661442353e-22,4.8716046726121186e-188,1.0000949720915653
438,0.0123874020459296,1.0939242940101437e-6,1.1148661841336647e-7,7.940933880509066e-23,8.311211240583873e-188,1.0000945959443306
439,0.012415683785760488,1.0941788296686218e-6,1.1174115407184447e-7,1.4558378780933287e-22,1.4155587542059758e-187,1.0000942208694499
440,0.012443965525591377,1.0944333653270998e-6,1.1199568973032248e-7,2.117582368135751e-22,2.406950549891942e-187,1.000093846879878
441,0.012472247265422266,1.094687900985578e-6,1.1225022538880048e-7,2.779326858178173e-22,4.085888188456673e-187,1.0000934739878993
442,0.012500529005253155,1.094942436644056e-6,1.1250476104727849e-7,3.441071348220595e-22,6.924527511354381e-187,1.0000931022051547
443,0.012528810745084044,1.0951969723025338e-6,1.1275929670575649e-7,1.9852334701272664e-22,1.1716083210368812e-186,1.0000927315426646
444,0.012557092484914933,1.095451507961012e-6,1.130138323642345e-7,2.6469779601696886e-22,1.9790994869464163e-186,1.0000923620108548
445,0.012585374224745823,1.0957060436194898e-6,1.132683680227125e-7,1.1911400820763599e-22,3.3377198848660584e-186,1.0000919936195771
446,0.012613655964576712,1.0959605792779678e-6,1.1352290368119051e-7,1.852884572118782e-22,5.6199622218274785e-186,1.0000916263781323
447,0.0126419377044076,1.096215114936446e-6,1.1377743933966851e-7,2.514629062161204e-22,9.44761724640206e-186,1.0000912602952905
448,0.01267021944423849,1.0964696505949238e-6,1.1403197499814652e-7,1.0587911840678754e-22,1.585698690038128e-185,1.0000908953793115
449,0.012698501184069379,1.096724186253402e-6,1.1428651065662453e-7,3.8381180422460484e-22,2.657251080695757e-185,1.0000905316379634
450,0.012726782923900268,1.09697872191188e-6,1.1454104631510253e-7,2.3822801641527197e-22,4.445924630572047e-185,1.0000901690785418
451,0.012755064663731157,1.0972332575703578e-6,1.1479558197358054e-7,9.26442286059391e-23,7.426995763537598e-185,1.0000898077078841
452,0.012783346403562046,1.0974877932288359e-6,1.1505011763205854e-7,1.5881867761018131e-22,1.2387674849693028e-184,1.0000894475323896
453,0.012811628143392935,1.097742328887314e-6,1.1530465329053655e-7,2.2499312661442353e-22,2.0629841554252974e-184,1.0000890885580371
454,0.012839909883223824,1.097996864545792e-6,1.1555918894901455e-7,2.9116757561866574e-22,3.430325733287554e-184,1.0000887307904005
455,0.012868191623054713,1.0982514002042699e-6,1.1581372460749256e-7,1.4558378780933287e-22,5.695240560800324e-184,1.000088374234662
456,0.012896473362885602,1.0985059358627477e-6,1.1606826026597056e-7,0.0,9.441257986298683e-184,1.0000880188956272
457,0.012924755102716491,1.0987604715212258e-6,1.1632279592444857e-7,6.617444900424221e-23,1.5627609286493173e-183,1.0000876647777381
458,0.01295303684254738,1.0990150071797039e-6,1.1657733158292657e-7,1.3234889800848443e-22,2.5828779718465503e-183,1.0000873118850866
459,0.01298131858237827,1.099269542838182e-6,1.1683186724140458e-7,1.9852334701272664e-22,4.262531907383645e-183,1.0000869602214282
460,0.013009600322209158,1.09952407849666e-6,1.1708640289988258e-7,2.6469779601696886e-22,7.024048885092019e-183,1.0000866097901946
461,0.013037882062040047,1.0997786141551379e-6,1.1734093855836059e-7,1.1911400820763599e-22,1.1557588400030478e-182,1.0000862605945067
462,0.013066163801870936,1.100033149813616e-6,1.175954742168386e-7,1.852884572118782e-22,1.8989363036856868e-182,1.0000859126371875
463,0.013094445541701825,1.100287685472094e-6,1.178500098753166e-7,2.514629062161204e-22,3.115449217422805e-182,1.0000855659207744
464,0.013122727281532715,1.1005422211305719e-6,1.181045455337946e-7,1.0587911840678754e-22,5.1038942082274595e-182,1.000085220447531
465,0.013151009021363604,1.10079675678905e-6,1.1835908119227261e-7,1.7205356741102976e-22,8.349432040017063e-182,1.0000848762194585
466,0.013179290761194493,1.1010512924475278e-6,1.1861361685075062e-7,2.6469779601696886e-23,1.3639235698446695e-181,1.000084533238308
467,0.013207572501025382,1.101305828106006e-6,1.1886815250922862e-7,3.044024654195142e-22,2.2248692050391363e-181,1.00008419150559
468,0.01323585424085627,1.101560363764484e-6,1.1912268816770663e-7,1.5881867761018131e-22,3.624130090931416e-181,1.0000838510225856
469,0.01326413598068716,1.101814899422962e-6,1.1937722382618465e-7,2.117582368135751e-22,5.895102792209014e-181,1.000083511790356
470,0.013292417720518049,1.1020694350814399e-6,1.1963175948466267e-7,5.293955920339377e-23,9.575704511331955e-181,1.0000831738097526
471,0.013320699460348938,1.102323970739918e-6,1.1988629514314068e-7,1.0587911840678754e-22,1.5532639203576605e-180,1.0000828370814268
472,0.013348981200179827,1.102578506398396e-6,1.201408308016187e-7,1.5881867761018131e-22,2.5160445462511145e-180,1.0000825016058372
473,0.013377262940010716,1.102833042056874e-6,1.2039536646009672e-7,2.117582368135751e-22,4.069989733938221e-180,1.00008216738326
474,0.013405544679841605,1.1030875777153522e-6,1.2064990211857474e-7,2.6469779601696886e-22,6.5746638909891886e-180,1.0000818344137956
475,0.013433826419672494,1.10334211337383e-6,1.2090443777705276e-7,1.0587911840678754e-22,1.0606262341550735e-179,1.0000815026973775
476,0.013462108159503383,1.103596649032308e-6,1.2115897343553078e-7,1.5881867761018131e-22,1.7086890240685195e-179,1.0000811722337792
477,0.013490389899334272,1.1038511846907862e-6,1.214135090940088e-7,2.117582368135751e-22,2.749025786677314e-179,1.0000808430226218
478,0.013518671639165161,1.104105720349264e-6,1.2166804475248681e-7,5.293955920339377e-23,4.416853111681325e-179,1.0000805150633805
479,0.01354695337899605,1.104360256007742e-6,1.2192258041096483e-7,1.0587911840678754e-22,7.087101841077024e-179,1.0000801883553907
480,0.01357523511882694,1.1046147916662202e-6,1.2217711606944285e-7,1.5881867761018131e-22,1.1356621634537015e-178,1.0000798628978562
481,0.013603516858657828,1.104869327324698e-6,1.2243165172792087e-7,0.0,1.817429504012519e-178,1.000079538689853
482,0.013631798598488717,1.1051238629831759e-6,1.226861873863989e-7,-1.5881867761018131e-22,2.9046718124146507e-178,1.0000792157303373
483,0.013660080338319606,1.105378398641654e-6,1.229407230448769e-7,-1.0587911840678754e-22,4.636291852226443e-178,1.00007889401815
484,0.013688362078150496,1.105632934300132e-6,1.2319525870335493e-7,-5.293955920339377e-23,7.390635131446325e-178,1.0000785735520237
485,0.013716643817981385,1.10588746995861e-6,1.2344979436183294e-7,0.0,1.1766116167917711e-177,1.0000782543305873
486,0.013744925557812274,1.1061420056170882e-6,1.2370433002031096e-7,5.293955920339377e-23,1.8708024463265126e-177,1.0000779363523722
487,0.013773207297643163,1.1063965412755662e-6,1.2395886567878898e-7,1.0587911840678754e-22,2.9707710583460226e-177,1.0000776196158168
488,0.013801489037474052,1.106651076934044e-6,1.24213401337267e-7,-5.293955920339377e-23,4.711507704127366e-177,1.0000773041192728
489,0.01382977077730494,1.106905612592522e-6,1.2446793699574502e-7,-2.117582368135751e-22,7.46282192953483e-177,1.000076989861009
490,0.01385805251713583,1.107160148251e-6,1.2472247265422304e-7,-1.5881867761018131e-22,1.1805969819078613e-176,1.000076676839217
491,0.013886334256966719,1.107414683909478e-6,1.2497700831270106e-7,-1.0587911840678754e-22,1.865342634452579e-176,1.0000763650520166
492,0.013914615996797608,1.1076692195679562e-6,1.2523154397117907e-7,-5.293955920339377e-23,2.9435867775499304e-176,1.0000760544974583
493,0.013942897736628497,1.1079237552264342e-6,1.254860796296571e-7,0.0,4.639372544224594e-176,1.0000757451735294
494,0.013971179476459386,1.1081782908849123e-6,1.257406152881351e-7,5.293955920339377e-23,7.30312455955281e-176,1.0000754370781584
495,0.013999461216290275,1.10843282654339e-6,1.2599515094661313e-7,-3.1763735522036263e-22,1.1482278576777476e-175,1.0000751302092183
496,0.014027742956121164,1.1086873622018683e-6,1.2624968660509115e-7,-5.293955920339377e-23,1.80310159388523e-175,1.0000748245645317
497,0.014056024695952053,1.1089418978603461e-6,1.2650422226356917e-7,-2.117582368135751e-22,2.828055160238164e-175,1.0000745201418735
498,0.014084306435782942,1.1091964335188242e-6,1.2675875792204719e-7,-1.5881867761018131e-22,4.430307883673505e-175,1.0000742169389756
499,0.014112588175613831,1.109450969177302e-6,1.270132935805252e-7,-3.1763735522036263e-22,6.932040115481712e-175,1.0000739149535305
500,0.01414086991544472,1.1097055048357801e-6,1.2726782923900322e-7,-2.6469779601696886e-22,1.0833582728210702e-174,1.000073614183194
501,0.01416915165527561,1.1099600404942584e-6,1.2752236489748124e-7,0.0,1.6911017930331306e-174,1.00007331462559
502,0.014197433395106498,1.1102145761527363e-6,1.2777690055595926e-7,-1.5881867761018131e-22,2.6366756951937337e-174,1.000073016278313
503,0.014225715134937388,1.1104691118112141e-6,1.2803143621443728e-7,-3.1763735522036263e-22,4.1061583372701645e-174,1.0000727191389323
504,0.014253996874768277,1.1107236474696922e-6,1.282859718729153e-7,-2.6469779601696886e-22,6.3871828477733535e-174,1.000072423204992
505,0.014282278614599166,1.1109781831281703e-6,1.2854050753139332e-7,-2.117582368135751e-22,9.92385332092062e-174,1.0000721284740168
506,0.014310560354430055,1.1112327187866483e-6,1.2879504318987134e-7,-1.5881867761018131e-22,1.5401083835703395e-173,1.0000718349435147
507,0.014338842094260944,1.1114872544451262e-6,1.2904957884834935e-7,-3.1763735522036263e-22,2.387397882373137e-173,1.0000715426109787
508,0.014367123834091833,1.1117417901036043e-6,1.2930411450682737e-7,-2.6469779601696886e-22,3.6966087318927605e-173,1.00007125147389
509,0.014395405573922722,1.1119963257620821e-6,1.295586501653054e-7,-4.235164736271502e-22,5.717285736804841e-173,1.0000709615297212
510,0.014423687313753611,1.1122508614205602e-6,1.298131858237834e-7,-3.705769144237564e-22,8.832559945361582e-173,1.0000706727759365
511,0.0144519690535845,1.1125053970790383e-6,1.3006772148226143e-7,-3.1763735522036263e-22,1.3630007788337216e-172,1.0000703852099961
512,0.014480250793415389,1.1127599327375163e-6,1.3032225714073945e-7,-2.6469779601696886e-22,2.1009752725869854e-172,1.0000700988293578
513,0.014508532533246278,1.1130144683959944e-6,1.3057679279921747e-7,-2.117582368135751e-22,3.2349203903126674e-172,1.0000698136314785
514,0.014536814273077167,1.1132690040544723e-6,1.3083132845769548e-7,-3.705769144237564e-22,4.9753833280609926e-172,1.0000695296138165
515,0.014565096012908056,1.1135235397129503e-6,1.310858641161735e-7,-3.1763735522036263e-22,7.643851527866128e-172,1.0000692467738337
516,0.014593377752738945,1.1137780753714284e-6,1.3134039977465152e-7,-2.6469779601696886e-22,1.1730678205570321e-171,1.0000689651089971
517,0.014621659492569834,1.1140326110299063e-6,1.3159493543312954e-7,-4.235164736271502e-22,1.7982977403537928e-171,1.0000686846167801
518,0.014649941232400723,1.1142871466883843e-6,1.3184947109160756e-7,-3.705769144237564e-22,2.753785263419013e-171,1.0000684052946647
519,0.014678222972231612,1.1145416823468624e-6,1.3210400675008558e-7,-3.1763735522036263e-22,4.212412751761088e-171,1.000068127140142
520,0.014706504712062501,1.1147962180053403e-6,1.323585424085636e-7,-4.764560328305439e-22,6.436747901566714e-171,1.0000677726662945
521,0.01473478645189339,1.1150507536638183e-6,1.3261307806704161e-7,-4.235164736271502e-22,9.82514925588541e-171,1.0000674030468106
522,0.01476306819172428,1.1153052893222962e-6,1.3286761372551963e-7,-5.823351512373315e-22,1.4981358981966354e-170,1.0000670276142818
523,0.014791349931555169,1.1155598249807743e-6,1.3312214938399765e-7,-5.293955920339377e-22,2.2819439162178104e-170,1.0000666591207863
524,0.014819631671386058,1.1158143606392523e-6,1.3337668504247567e-7,-4.764560328305439e-22,3.472183825011298e-170,1.0000662961394675
525,0.014847913411216947,1.1160688962977304e-6,1.336312207009537e-7,-4.235164736271502e-22,5.277724394755949e-170,1.0000659211470238
526,0.014876195151047836,1.1163234319562083e-6,1.338857563594317e-7,-5.823351512373315e-22,8.013813090337313e-170,1.0000655524939543
527,0.014904476890878725,1.1165779676146861e-6,1.3414029201790973e-7,-7.411538288475128e-22,1.2155769190442165e-169,1.0000651894861248
528,0.014932758630709614,1.1168325032731642e-6,1.3439482767638775e-7,-6.88214269644119e-22,1.8419533595567653e-169,1.0000648032599597
529,0.014961040370540503,1.1170870389316423e-6,1.3464936333486576e-7,-6.352747104407253e-22,2.7882387308455325e-169,1.000064423533112
530,0.014989322110371392,1.1173415745901204e-6,1.3490389899334378e-7,-5.823351512373315e-22,4.216368903365212e-169,1.0000640433946115
531,0.015017603850202281,1.1175961102485984e-6,1.351584346518218e-7,-5.293955920339377e-22,6.369520307472875e-169,1.0000636471422208
532,0.01504588559003317,1.1178506459070763e-6,1.3541297031029982e-7,-6.88214269644119e-22,9.61250263651068e-169,1.0000632580674074
533,0.015074167329864059,1.1181051815655544e-6,1.3566750596877784e-7,-6.352747104407253e-22,1.4492054601160373e-168,1.000062874900624
534,0.015102449069694948,1.1183597172240322e-6,1.3592204162725586e-7,-7.940933880509066e-22,2.182676145882227e-168,1.0000624984907194
535,0.015130730809525837,1.1186142528825103e-6,1.3617657728573388e-7,-7.411538288475128e-22,3.284101584945661e-168,1.0000621285787294
536,0.015159012549356726,1.1188687885409884e-6,1.364311129442119e-7,-6.88214269644119e-22,4.936440128773282e-168,1.000061764909433
537,0.015187294289187615,1.1191233241994664e-6,1.366856486026899e-7,-6.352747104407253e-22,7.412816193032722e-168,1.000061407233855
538,0.015215576029018504,1.1193778598579445e-6,1.3694018426116793e-7,-5.823351512373315e-22,1.112056088238708e-167,1.0000610562849006
539,0.015243857768849393,1.1196323955164224e-6,1.3719471991964595e-7,-7.411538288475128e-22,1.666657173386428e-167,1.0000607108422799
540,0.015272139508680282,1.1198869311749004e-6,1.3744925557812397e-7,-6.88214269644119e-22,2.4954219227916855e-167,1.0000603706527662
541,0.015300421248511172,1.1201414668333783e-6,1.37703791236602e-7,-8.470329472543003e-22,3.732689019814039e-167,1.0000600082246671
542,0.01532870298834206,1.1203960024918564e-6,1.3795832689508e-7,-7.940933880509066e-22,5.578041161972649e-167,1.0000596190842113
543,0.01535698472817295,1.1206505381503344e-6,1.3821286255355802e-7,-7.411538288475128e-22,8.327711198367185e-167,1.0000592515007307
544,0.015385266468003839,1.1209050738088125e-6,1.3846739821203604e-7,-6.88214269644119e-22,1.242097158409907e-166,1.0000588613615677
545,0.015413548207834728,1.1211596094672904e-6,1.3872193387051406e-7,-8.470329472543003e-22,1.8508591594846864e-166,1.00005848063497
546,0.015441829947665617,1.1214141451257682e-6,1.3897646952899208e-7,-1.0058516248644817e-21,2.7553766391415844e-166,1.000058107016257
547,0.015470111687496506,1.1216686807842463e-6,1.392310051874701e-7,-9.529120656610879e-22,4.098078319293154e-166,1.0000577402613837
548,0.015498393427327395,1.1219232164427244e-6,1.3948554084594812e-7,-8.999725064576941e-22,6.089380186090639e-166,1.0000573539313147
549,0.015526675167158284,1.1221777521012024e-6,1.3974007650442614e-7,-8.470329472543003e-22,9.039852291987398e-166,1.0000569681922464
550,0.015554956906989173,1.1224322877596805e-6,1.3999461216290416e-7,-7.940933880509066e-22,1.3407469784406273e-165,1.0000565902898273
551,0.015583238646820062,1.1226868234181586e-6,1.4024914782138217e-7,-7.411538288475128e-22,1.9866958788626673e-165,1.0000562197979312
552,0.015611520386650951,1.1229413590766367e-6,1.405036834798602e-7,-6.88214269644119e-22,2.9411476954969283e-165,1.0000558564178004
553,0.01563980212648184,1.1231958947351145e-6,1.407582191383382e-7,-8.470329472543003e-22,4.350157171378195e-165,1.000055499857553
554,0.01566808386631273,1.1234504303935924e-6,1.4101275479681623e-7,-1.0058516248644817e-21,6.428320337017871e-165,1.0000551498370134
555,0.015696365606143618,1.1237049660520704e-6,1.4126729045529425e-7,-9.529120656610879e-22,9.490657082119856e-165,1.0000548060957968
556,0.015724647345974507,1.1239595017105485e-6,1.4152182611377227e-7,-8.999725064576941e-22,1.399919322681936e-164,1.0000544562869156
557,0.015752929085805396,1.1242140373690266e-6,1.4177636177225029e-7,-8.470329472543003e-22,2.063095920729864e-164,1.0000540967463765
558,0.015781210825636285,1.1244685730275047e-6,1.420308974307283e-7,-7.940933880509066e-22,3.0377164609431624e-164,1.0000537439252013
559,0.015809492565467174,1.1247231086859825e-6,1.4228543308920632e-7,-9.529120656610879e-22,4.468771531604647e-164,1.0000533975803334
560,0.015837774305298064,1.1249776443444606e-6,1.4253996874768434e-7,-8.999725064576941e-22,6.568162031162873e-164,1.0000530580870217
561,0.015866056045128953,1.1252321800029385e-6,1.4279450440616236e-7,-1.0587911840678754e-21,9.645306324359479e-164,1.0000527133435984
562,0.01589433778495984,1.1254867156614165e-6,1.4304904006464038e-7,-1.0058516248644817e-21,1.4151624932179103e-163,1.00005237410097
563,0.01592261952479073,1.1257412513198946e-6,1.433035757231184e-7,-9.529120656610879e-22,2.0745139283963608e-163,1.0000520388581766
564,0.01595090126462162,1.1259957869783727e-6,1.4355811138159642e-7,-8.999725064576941e-22,3.0384198827580316e-163,1.0000517096483603
565,0.01597918300445251,1.1262503226368505e-6,1.4381264704007443e-7,-1.0587911840678754e-21,4.446335473351282e-163,1.000051383767392
566,0.016007464744283398,1.1265048582953286e-6,1.4406718269855245e-7,-1.0058516248644817e-21,6.501016494169073e-163,1.0000510591967153
567,0.016035746484114287,1.1267593939538065e-6,1.4432171835703047e-7,-1.164670302474663e-21,9.497001332078034e-163,1.0000507364120468
568,0.016064028223945176,1.1270139296122845e-6,1.445762540155085e-7,-1.1117307432712692e-21,1.3861795659825629e-162,1.0000504192325528
569,0.016092309963776065,1.1272684652707626e-6,1.448307896739865e-7,-1.0587911840678754e-21,2.021537526687181e-162,1.0000501071158185
570,0.016120591703606954,1.1275230009292407e-6,1.4508532533246453e-7,-1.0058516248644817e-21,2.945608267814099e-162,1.0000497837176396
571,0.016148873443437843,1.1277775365877185e-6,1.4533986099094255e-7,-1.164670302474663e-21,4.288452182515144e-162,1.000049475901062
572,0.016177155183268732,1.1280320722461966e-6,1.4559439664942056e-7,-1.1117307432712692e-21,6.23821117082922e-162,1.000049149269697
573,0.01620543692309962,1.1282866079046745e-6,1.4584893230789858e-7,-1.2705494208814505e-21,9.066820051226013e-162,1.0000488106169576
574,0.01623371866293051,1.1285411435631525e-6,1.461034679663766e-7,-1.2176098616780567e-21,1.316700007003265e-161,1.000048482008679
575,0.0162620004027614,1.1287956792216306e-6,1.4635800362485462e-7,-1.164670302474663e-21,1.910544143499993e-161,1.0000481600561477
576,0.01629028214259229,1.1290502148801087e-6,1.4661253928333264e-7,-1.1117307432712692e-21,2.769919705982035e-161,1.000047844512605
577,0.016318563882423177,1.1293047505385868e-6,1.4686707494181066e-7,-1.0587911840678754e-21,4.012532868076924e-161,1.0000475351335438
578,0.016346845622254066,1.1295592861970646e-6,1.4712161060028868e-7,-1.2176098616780567e-21,5.807815183249569e-161,1.000047229407878
579,0.016375127362084956,1.1298138218555427e-6,1.473761462587667e-7,-1.164670302474663e-21,8.399456103509654e-161,1.0000469306210802
580,0.016403409101915845,1.1300683575140205e-6,1.4763068191724471e-7,-1.3234889800848443e-21,1.2137665144029955e-160,1.0000466342155911
581,0.016431690841746734,1.1303228931724986e-6,1.4788521757572273e-7,-1.2705494208814505e-21,1.7525328016057672e-160,1.0000463457835267
582,0.016459972581577623,1.1305774288309767e-6,1.4813975323420075e-7,-1.2176098616780567e-21,2.5283987615134055e-160,1.0000460623896503
583,0.01648825432140851,1.1308319644894548e-6,1.4839428889267877e-7,-1.164670302474663e-21,3.644809004382217e-160,1.0000457777004421
584,0.0165165360612394,1.1310865001479328e-6,1.486488245511568e-7,-1.1117307432712692e-21,5.2499497339137304e-160,1.000045497699088
585,0.01654481780107029,1.131341035806411e-6,1.489033602096348e-7,-1.0587911840678754e-21,7.555931952005009e-160,1.0000452222296314
586,0.01657309954090118,1.1315955714648885e-6,1.4915789586811283e-7,-1.4293680984916318e-21,1.0866127629379218e-159,1.0000449511434495
587,0.016601381280732068,1.1318501071233666e-6,1.4941243152659084e-7,-1.376428539288238e-21,1.561409341357591e-159,1.0000446842977788
588,0.016629663020562957,1.1321046427818447e-6,1.4966696718506886e-7,-1.3234889800848443e-21,2.241895051056857e-159,1.0000444215552444
589,0.016657944760393846,1.1323591784403228e-6,1.4992150284354688e-7,-1.2705494208814505e-21,3.216411688558633e-159,1.0000441627841
590,0.016686226500224735,1.1326137140988008e-6,1.501760385020249e-7,-1.2176098616780567e-21,4.610915226065108e-159,1.0000439078583019
591,0.016714508240055624,1.1328682497572787e-6,1.5043057416050292e-7,-1.376428539288238e-21,6.604851983050603e-159,1.000043656658034
592,0.016742789979886513,1.1331227854157568e-6,1.5068510981898094e-7,-1.3234889800848443e-21,9.453677220964858e-159,1.00004340906882
593,0.016771071719717402,1.1333773210742346e-6,1.5093964547745896e-7,-1.4823076576950256e-21,1.3520770836926608e-158,1.0000431652252744
594,0.01679935345954829,1.1336318567327127e-6,1.5119418113593697e-7,-1.4293680984916318e-21,1.9322637111337093e-158,1.0000429295035969
595,0.01682763519937918,1.1338863923911908e-6,1.51448716794415e-7,-1.376428539288238e-21,2.7592869008132076e-158,1.000042691021249
596,0.01685591693921007,1.1341409280496688e-6,1.51703252452893e-7,-1.3234889800848443e-21,3.937259855851618e-158,1.0000424590393795
597,0.01688419867904096,1.1343954637081467e-6,1.5195778811137103e-7,-1.4823076576950256e-21,5.6138304107096296e-158,1.0000422281555377
598,0.016912480418871847,1.1346499993666248e-6,1.5221232376984905e-7,-1.4293680984916318e-21,7.998226743134115e-158,1.0000420002393076
599,0.016940762158702737,1.1349045350251028e-6,1.5246685942832707e-7,-1.376428539288238e-21,1.1386717890809047e-157,1.0000417745529038
600,0.016969043898533626,1.1351590706835807e-6,1.5272139508680509e-7,-1.5352472168984194e-21,1.6198508937607666e-157,1.0000415520263837
601,0.016997325638364515,1.1354136063420588e-6,1.529759307452831e-7,-1.4823076576950256e-21,2.3026309757727087e-157,1.0000413320510884
602,0.017025607378195404,1.1356681420005368e-6,1.5323046640376112e-7,-1.4293680984916318e-21,3.2707522922864015e-157,1.000041114905315
603,0.017053889118026293,1.135922677659015e-6,1.5348500206223914e-7,-1.376428539288238e-21,4.642438414722565e-157,1.0000409005211037
604,0.017082170857857182,1.1361772133174928e-6,1.5373953772071716e-7,-1.5352472168984194e-21,6.584472679607683e-157,1.0000406888336366
605,0.01711045259768807,1.1364317489759709e-6,1.5399407337919518e-7,-1.4823076576950256e-21,9.331970538924142e-157,1.0000404797809095
606,0.01713873433751896,1.1366862846344487e-6,1.542486090376732e-7,-1.641126335305207e-21,1.3216132309437693e-156,1.0000402733034583
607,0.01716701607734985,1.1369408202929268e-6,1.5450314469615122e-7,-1.5881867761018131e-21,1.8703168961097388e-156,1.0000400693441311
608,0.017195297817180738,1.1371953559514049e-6,1.5475768035462924e-7,-1.5352472168984194e-21,2.644885950942391e-156,1.000039867847894
609,0.017223579557011627,1.137449891609883e-6,1.5501221601310725e-7,-1.4823076576950256e-21,3.737496197638726e-156,1.0000396687616697
610,0.017251861296842516,1.1377044272683608e-6,1.5526675167158527e-7,-1.641126335305207e-21,5.277615449493205e-156,1.0000394720341983
611,0.017280143036673405,1.1379589629268386e-6,1.555212873300633e-7,-1.7999450129153882e-21,7.446959745536519e-156,1.0000392776140055
612,0.017308424776504294,1.138213498585317e-6,1.557758229885413e-7,-1.5352472168984194e-21,1.0500395348289163e-155,1.0000390854499732
613,0.017336706516335183,1.1384680342437948e-6,1.5603035864701933e-7,-1.6940658945086007e-21,1.4795129412545605e-155,1.0000388954928743
614,0.017364988256166072,1.1387225699022729e-6,1.5628489430549735e-7,-1.641126335305207e-21,2.0831447214390267e-155,1.0000387076952315
615,0.01739326999599696,1.138977105560751e-6,1.5653942996397537e-7,-1.5881867761018131e-21,2.9309522984296573e-155,1.0000385220111252
616,0.01742155173582785,1.1392316412192288e-6,1.5679396562245338e-7,-1.7470054537119944e-21,4.12085905373093e-155,1.000038338398699
617,0.01744983347565874,1.1394861768777069e-6,1.570485012809314e-7,-1.6940658945086007e-21,5.78971965091823e-155,1.0000381568192913
618,0.01747811521548963,1.1397407125361847e-6,1.5730303693940942e-7,-1.852884572118782e-21,8.128663163790697e-155,1.000037977236753
619,0.017506396955320518,1.1399952481946628e-6,1.5755757259788744e-7,-1.7999450129153882e-21,1.1404430049915908e-154,1.0000377996169143
620,0.017534678695151407,1.1402497838531409e-6,1.5781210825636546e-7,-1.7470054537119944e-21,1.5989023814922516e-154,1.000037623555577
621,0.017562960434982296,1.140504319511619e-6,1.5806664391484348e-7,-1.6940658945086007e-21,2.240088886404895e-154,1.0000374493260982
622,0.017591242174813185,1.140758855170097e-6,1.583211795733215e-7,-1.641126335305207e-21,3.136205542404204e-154,1.0000372769046126
623,0.017619523914644074,1.141013390828575e-6,1.5857571523179951e-7,-1.5881867761018131e-21,4.387738820645969e-154,1.0000371062677404
624,0.017647805654474963,1.141267926487053e-6,1.5883025089027753e-7,-1.7470054537119944e-21,6.134441301690412e-154,1.000036937392428
625,0.017676087394305852,1.1415224621455308e-6,1.5908478654875555e-7,-1.9058241313221758e-21,8.570541545863937e-154,1.0000367702558361
626,0.01770436913413674,1.1417769978040089e-6,1.5933932220723357e-7,-1.852884572118782e-21,1.196579383298086e-153,1.000036604835268
627,0.01773265087396763,1.142031533462487e-6,1.595938578657116e-7,-1.7999450129153882e-21,1.669459017266683e-153,1.0000364411081233
628,0.01776093261379852,1.1422860691209648e-6,1.598483935241896e-7,-1.9587636905255695e-21,2.327619519950189e-153,1.0000362790518749
629,0.017789214353629408,1.142540604779443e-6,1.6010292918266763e-7,-1.6940658945086007e-21,3.2430316086242796e-153,1.0000361186440594
630,0.017817496093460297,1.1427951404379207e-6,1.6035746484114564e-7,-2.064642808932357e-21,4.5153800480717385e-153,1.0000359598622282
631,0.017845777833291186,1.143049676096399e-6,1.6061200049962366e-7,-1.7999450129153882e-21,6.28264243360813e-153,1.0000358026839737
632,0.017874059573122075,1.143304211754877e-6,1.6086653615810168e-7,-1.7470054537119944e-21,8.735670507761463e-153,1.0000356470869594
633,0.017902341312952964,1.143558747413355e-6,1.611210718165797e-7,-1.9058241313221758e-21,1.2138274969658882e-152,1.0000354930489475
634,0.017930623052783853,1.143813283071833e-6,1.6137560747505772e-7,-1.852884572118782e-21,1.6854872573318166e-152,1.0000353405478266
635,0.017958904792614742,1.144067818730311e-6,1.6163014313353574e-7,-1.7999450129153882e-21,2.3388517604748537e-152,1.0000351895616388
636,0.01798718653244563,1.1443223543887887e-6,1.6188467879201376e-7,-2.1705219273391446e-21,3.2433183563133405e-152,1.000035040068604
637,0.01801546827227652,1.144576890047267e-6,1.6213921445049178e-7,-1.9058241313221758e-21,4.494558715037703e-152,1.0000348920471427
638,0.01804375001210741,1.1448314257057449e-6,1.623937501089698e-7,-2.064642808932357e-21,6.2243794430658865e-152,1.0000347454758964
639,0.0180720317519383,1.145085961364223e-6,1.626482857674478e-7,-2.0117032497289633e-21,8.614250718941144e-152,1.0000346003337477
640,0.018100313491769188,1.145340497022701e-6,1.6290282142592583e-7,-1.9587636905255695e-21,1.191385528548064e-151,1.0000344565998347
641,0.018128595231600077,1.145595032681179e-6,1.6315735708440385e-7,-1.9058241313221758e-21,1.6466504254594863e-151,1.0000343136281362
642,0.018156876971430966,1.145849568339657e-6,1.6341189274288187e-7,-2.064642808932357e-21,2.274393921505329e-151,1.0000341736068203
643,0.018185158711261855,1.146104103998135e-6,1.636664284013599e-7,-2.0117032497289633e-21,3.139395627380674e-151,1.000034034931572
644,0.018213440451092744,1.1463586396566129e-6,1.639209640598379e-7,-2.1705219273391446e-21,4.330553392156197e-151,1.00003389499402
645,0.018241722190923633,1.146613175315091e-6,1.6417549971831592e-7,-2.117582368135751e-21,5.969784086459924e-151,1.0000337567152355
646,0.018270003930754522,1.146867710973569e-6,1.6443003537679394e-7,-2.064642808932357e-21,8.224180177917048e-151,1.0000336200446838
647,0.01829828567058541,1.147122246632047e-6,1.6468457103527196e-7,-2.0117032497289633e-21,1.1322602421052913e-150,1.0000334849337795
648,0.0183265674104163,1.147376782290525e-6,1.6493910669374998e-7,-2.1705219273391446e-21,1.5578313045173076e-150,1.0000333513359299
649,0.01835484915024719,1.147631317949003e-6,1.65193642352228e-7,-2.117582368135751e-21,2.1419828861348053e-150,1.0000332192066346
650,0.018383130890078078,1.147885853607481e-6,1.6544817801070602e-7,-2.276401045745932e-21,2.943295298438932e-150,1.0000330885035236
651,0.018411412629908967,1.148140389265959e-6,1.6570271366918404e-7,-2.2234614865425384e-21,4.041799925470812e-150,1.0000329591863477
652,0.018439694369739856,1.148394924924437e-6,1.6595724932766205e-7,-2.1705219273391446e-21,5.546765188810801e-150,1.000032831872712
653,0.018467976109570745,1.1486494605829151e-6,1.6621178498614007e-7,-2.117582368135751e-21,7.607283503959003e-150,1.0000327058130096
654,0.018496257849401634,1.148903996241393e-6,1.664663206446181e-7,-2.276401045745932e-21,1.0426657884256542e-149,1.0000325809802886
655,0.018524539589232523,1.149158531899871e-6,1.667208563030961e-7,-2.2234614865425384e-21,1.428193970097778e-149,1.0000324573483836
656,0.018552821329063413,1.1494130675583491e-6,1.6697539196157413e-7,-2.1705219273391446e-21,1.955044550159608e-149,1.000032334891982
657,0.0185811030688943,1.1496676032168272e-6,1.6722992762005215e-7,-2.117582368135751e-21,2.674572358077777e-149,1.0000322146183662
658,0.01860938480872519,1.1499221388753053e-6,1.6748446327853017e-7,-2.064642808932357e-21,3.656630777966083e-149,1.0000320952354862
659,0.01863766654855608,1.1501766745337831e-6,1.6773899893700819e-7,-2.2234614865425384e-21,4.9961764094750825e-149,1.0000319751277458
660,0.01866594828838697,1.150431210192261e-6,1.679935345954862e-7,-2.3822801641527197e-21,6.822210889977372e-149,1.0000318542791236
661,0.018694230028217858,1.1506857458507393e-6,1.6824807025396422e-7,-2.117582368135751e-21,9.309879513404284e-149,1.0000317346828873
662,0.018722511768048747,1.1509402815092171e-6,1.6850260591244224e-7,-2.276401045745932e-21,1.2696831129693483e-148,1.0000316163030671
663,0.018750793507879636,1.151194817167695e-6,1.6875714157092026e-7,-2.4352197233561135e-21,1.7305326749876663e-148,1.000031499104471
664,0.018779075247710525,1.151449352826173e-6,1.6901167722939828e-7,-2.3822801641527197e-21,2.357209878502664e-148,1.000031383053039
665,0.018807356987541414,1.1517038884846511e-6,1.692662128878763e-7,-2.329340604949326e-21,3.208865369649907e-148,1.0000312681160757
666,0.018835638727372303,1.1519584241431292e-6,1.6952074854635432e-7,-2.276401045745932e-21,4.365563791729297e-148,1.0000311542623928
667,0.018863920467203192,1.1522129598016073e-6,1.6977528420483233e-7,-2.2234614865425384e-21,5.935613025621378e-148,1.0000310414657945
668,0.01889220220703408,1.1524674954600851e-6,1.7002981986331035e-7,-2.3822801641527197e-21,8.065439051912219e-148,1.0000309296898433
669,0.01892048394686497,1.1527220311185632e-6,1.7028435552178837e-7,-2.329340604949326e-21,1.0952882647424374e-147,1.000030818910868
670,0.01894876568669586,1.1529765667770413e-6,1.705388911802664e-7,-2.276401045745932e-21,1.4865092992423617e-147,1.0000307091045557
671,0.01897704742652675,1.1532311024355191e-6,1.707934268387444e-7,-2.4352197233561135e-21,2.016259313507935e-147,1.0000306022611722
672,0.019005329166357637,1.1534856380939972e-6,1.7104796249722243e-7,-2.3822801641527197e-21,2.7331626959393664e-147,1.0000304960566369
673,0.019033610906188526,1.1537401737524753e-6,1.7130249815570045e-7,-2.329340604949326e-21,3.7027611874740567e-147,1.0000303902307457
674,0.019061892646019415,1.1539947094109531e-6,1.7155703381417846e-7,-2.4881592825595072e-21,5.013347584005089e-147,1.0000302850311311
675,0.019090174385850305,1.1542492450694314e-6,1.7181156947265648e-7,-2.2234614865425384e-21,6.783793129959073e-147,1.0000301794896949
676,0.019118456125681194,1.154503780727909e-6,1.720661051311345e-7,-2.5940384009662948e-21,9.174043815658489e-147,1.0000300746682806
677,0.019146737865512083,1.1547583163863871e-6,1.7232064078961252e-7,-2.541098841762901e-21,1.2399187390512617e-146,1.0000299705658497
678,0.01917501960534297,1.1550128520448652e-6,1.7257517644809054e-7,-2.4881592825595072e-21,1.6748294852634995e-146,1.0000298671823362
679,0.01920330134517386,1.1552673877033433e-6,1.7282971210656856e-7,-2.4352197233561135e-21,2.260964229671921e-146,1.0000297645182359
680,0.01923158308500475,1.1555219233618213e-6,1.7308424776504658e-7,-2.3822801641527197e-21,3.050445422122356e-146,1.0000296625742957
681,0.01925986482483564,1.1557764590202992e-6,1.733387834235246e-7,-2.541098841762901e-21,4.113202135949859e-146,1.0000295613512842
682,0.019288146564666528,1.1560309946787773e-6,1.7359331908200261e-7,-2.4881592825595072e-21,5.542999263299843e-146,1.0000294608498232
683,0.019316428304497417,1.1562855303372551e-6,1.7384785474048063e-7,-2.6469779601696886e-21,7.465489849580437e-146,1.00002936107027
684,0.019344710044328306,1.1565400659957332e-6,1.7410239039895865e-7,-2.5940384009662948e-21,1.0048963307543856e-145,1.0000292620126359
685,0.019372991784159195,1.1567946016542113e-6,1.7435692605743667e-7,-2.541098841762901e-21,1.3518683913273312e-145,1.0000291602345492
686,0.019401273523990084,1.1570491373126891e-6,1.746114617159147e-7,-2.6999175193730823e-21,1.8176008011809075e-145,1.0000290598304862
687,0.019429555263820973,1.1573036729711674e-6,1.748659973743927e-7,-2.4352197233561135e-21,2.442385815388909e-145,1.0000289604254486
688,0.019457837003651862,1.1575582086296453e-6,1.7512053303287073e-7,-2.5940384009662948e-21,3.280064885079115e-145,1.0000288620006448
689,0.01948611874348275,1.1578127442881234e-6,1.7537506869134874e-7,-2.541098841762901e-21,4.4025442553860766e-145,1.0000287645370414
690,0.01951440048331364,1.1580672799466012e-6,1.7562960434982676e-7,-2.6999175193730823e-21,5.90580196282219e-145,1.0000286680128525
691,0.01954268222314453,1.1583218156050793e-6,1.7588414000830478e-7,-2.6469779601696886e-21,7.917874340166723e-145,1.0000285737388148
692,0.01957096396297542,1.1585763512635574e-6,1.761386756667828e-7,-2.5940384009662948e-21,1.0609468424600318e-144,1.0000284802544592
693,0.019599245702806307,1.1588308869220352e-6,1.7639321132526082e-7,-2.752857078576476e-21,1.4208055809537673e-144,1.0000283875450255
694,0.019627527442637197,1.1590854225805133e-6,1.7664774698373884e-7,-2.6999175193730823e-21,1.9016579670451425e-144,1.0000282970237842
695,0.019655809182468086,1.1593399582389912e-6,1.7690228264221686e-7,-2.8587361969832636e-21,2.5438271222254436e-144,1.0000282084268328
696,0.019684090922298975,1.1595944938974692e-6,1.7715681830069487e-7,-2.80579663777987e-21,3.400955272133028e-144,1.000028119774113
697,0.019712372662129864,1.1598490295559473e-6,1.774113539591729e-7,-2.752857078576476e-21,4.544363808571726e-144,1.000028031805809
698,0.019740654401960753,1.1601035652144254e-6,1.776658896176509e-7,-2.6999175193730823e-21,6.068827756628113e-144,1.000027945053995
699,0.019768936141791642,1.1603581008729034e-6,1.7792042527612893e-7,-2.6469779601696886e-21,8.100219304401173e-144,1.0000278587697602
700,0.01979721788162253,1.1606126365313815e-6,1.7817496093460695e-7,-2.5940384009662948e-21,1.0805619859820233e-143,1.0000277729600673
701,0.01982549962145342,1.1608671721898594e-6,1.7842949659308497e-7,-2.752857078576476e-21,1.4406690599368955e-143,1.0000276870183717
702,0.01985378136128431,1.1611217078483372e-6,1.7868403225156299e-7,-2.9116757561866574e-21,1.9197341950906599e-143,1.000027597599745
703,0.019882063101115198,1.1613762435068153e-6,1.78938567910041e-7,-2.8587361969832636e-21,2.5567071613762685e-143,1.000027508956882
704,0.019910344840946087,1.1616307791652934e-6,1.7919310356851902e-7,-2.80579663777987e-21,3.40317730499069e-143,1.0000274234066766
705,0.019938626580776976,1.1618853148237714e-6,1.7944763922699704e-7,-2.752857078576476e-21,4.527438391431261e-143,1.000027338660327
706,0.019966908320607865,1.1621398504822495e-6,1.7970217488547506e-7,-2.6999175193730823e-21,6.019848851728012e-143,1.0000272536997852
707,0.019995190060438754,1.1623943861407274e-6,1.7995671054395308e-7,-2.8587361969832636e-21,7.999896486713189e-143,1.0000271694931784
708,0.02,1.1624376755967786e-6,1.8000000000000429e-7,-2.8322664173815668e-21,8.446439617191406e-143,1.0000271546759578
